"Site","Year","Month","dd","ff","tmin","t","tmax","td","p0","p","ewm","um","sshn","radglo24","evt","ewsm","nm","umax","umin","tsoil_m","rrr"
"40745",1959,1,165.11,1.74,-3.35,2.23,9.29,-1.7,904.84,1022.42,NA,NA,NA,NA,NA,NA,NA,NA,NA,NA,31
"40745",1959,2,192.68,2.37,-7.36,-2.42,4.18,-5.65,901.69,1021.04,NA,NA,NA,NA,NA,NA,NA,NA,NA,NA,37.8
"40745",1959,3,163.05,2.5,2.06,5.69,10.26,2.84,904.06,1019.97,NA,NA,NA,NA,NA,NA,NA,NA,NA,NA,66
"40745",1959,4,166.6,2.61,9.53,16.74,23.93,7.84,903.21,1014.21,NA,NA,NA,NA,NA,NA,NA,NA,NA,NA,35.2
"40745",1959,5,160.34,2.64,11.1,19.22,26.29,4.93,901.15,1010.95,NA,NA,NA,NA,NA,NA,NA,NA,NA,NA,10.1
"40745",1959,6,137.58,2.5,15.43,24.38,31.9,6.71,900.15,1007.8,NA,NA,NA,NA,NA,NA,NA,NA,NA,NA,5.4
"40745",1959,7,115.93,2.57,16.71,25.65,32.94,8.21,897.3,1004.04,NA,NA,NA,NA,NA,NA,NA,NA,NA,NA,0
"40745",1959,8,121.9,2.6,18.13,26.24,34.29,8.88,897.67,1004.21,NA,NA,NA,NA,NA,NA,NA,NA,NA,NA,0
"40745",1959,9,153.68,2.56,12.83,22.16,30.87,5.74,900.6,1009.16,NA,NA,NA,NA,NA,NA,NA,NA,NA,NA,0
"40745",1959,10,158.59,2.46,6.26,14.43,22.94,1.9,905.8,1018.13,NA,NA,NA,NA,NA,NA,NA,NA,NA,NA,13.4
"40745",1959,11,137.77,1.91,0.2,5.24,11.53,-0.08,907.89,1024.45,NA,NA,NA,NA,NA,NA,NA,NA,NA,NA,10.3
"40745",1959,12,137.9,1.38,-5.06,-0.85,5.32,-3.44,908.99,1028.55,NA,NA,NA,NA,NA,NA,NA,NA,NA,NA,25.3
"40745",1960,1,168.93,2,-2.52,3.59,11.32,-1.82,906,1023.12,NA,NA,NA,NA,NA,NA,NA,NA,NA,NA,7
"40745",1960,2,156.3,2.06,0.34,6.63,14.34,1.41,905.29,1020.95,NA,NA,NA,NA,NA,NA,NA,NA,NA,NA,8.6
"40745",1960,3,181.83,3.29,-1.39,3.78,10.16,0.1,902.83,1019.46,NA,NA,NA,NA,NA,NA,NA,NA,NA,NA,60.7
"40745",1960,4,146.08,2.63,6.63,11.86,17.83,5.75,902.85,1015.83,NA,NA,NA,NA,NA,NA,NA,NA,NA,NA,49.3
"40745",1960,5,155.04,2.82,10.68,18.51,25.68,8.35,903.54,1013.83,NA,NA,NA,NA,NA,NA,NA,NA,NA,NA,25.3
"40745",1960,6,114.75,2.91,16.27,25.23,32.77,8.88,899.73,1006.9,NA,NA,NA,NA,NA,NA,NA,NA,NA,NA,0
"40745",1960,7,104.88,3.21,17.52,25.89,33.32,9.24,898.66,1005.43,NA,NA,NA,NA,NA,NA,NA,NA,NA,NA,0
"40745",1960,8,142.62,2.91,15.74,25.2,33.35,8.25,898.67,1005.74,NA,NA,NA,NA,NA,NA,NA,NA,NA,NA,0
"40745",1960,9,143.18,2.63,10.7,19.93,28.57,5.34,904.3,1014.15,NA,NA,NA,NA,NA,NA,NA,NA,NA,NA,0
"40745",1960,10,164.76,2.29,6.06,15,24.03,2.34,907.06,1019.32,NA,NA,NA,NA,NA,NA,NA,NA,NA,NA,0
"40745",1960,11,178.79,2.09,0.57,6.78,14.23,0.56,907.44,1023.27,NA,NA,NA,NA,NA,NA,NA,NA,NA,NA,23.2
"40745",1960,12,146.5,1.44,-5.03,1.76,11.39,-3.72,908.65,1026.95,NA,NA,NA,NA,NA,NA,NA,NA,NA,NA,0.4
"40745",1961,1,173.31,2.01,-3.42,1.35,7.48,-1.88,906.38,1024.56,NA,NA,NA,NA,NA,NA,NA,NA,NA,NA,28
"40745",1961,2,157.05,1.98,-2.75,1.89,7.89,-1.19,905.46,1023.28,NA,NA,NA,NA,NA,NA,NA,NA,NA,NA,27.2
"40745",1961,3,182.98,2.92,1.48,7.48,14.71,1.22,902.06,1016.95,NA,NA,NA,NA,NA,NA,NA,NA,NA,NA,32
"40745",1961,4,153.12,2.28,7.2,12.77,18.2,7.17,902.42,1014.95,NA,NA,NA,NA,NA,NA,NA,NA,NA,NA,72.6
"40745",1961,5,153.71,2.56,13.29,21.48,28.74,8.82,901.09,1009.86,NA,NA,NA,NA,NA,NA,NA,NA,NA,NA,45.1
"40745",1961,6,155.83,2.78,15.4,25.01,33.13,6.03,899.85,1007.25,NA,NA,NA,NA,NA,NA,NA,NA,NA,NA,12
"40745",1961,7,129.15,2.96,19.13,27.8,35.06,9.73,897.32,1003.22,NA,NA,NA,NA,NA,NA,NA,NA,NA,NA,0
"40745",1961,8,142.02,2.98,15.74,24.87,32.68,6.88,900.03,1007.43,NA,NA,NA,NA,NA,NA,NA,NA,NA,NA,0.3
"40745",1961,9,144,2.66,11.7,20.44,28.6,5.84,901.61,1010.93,NA,NA,NA,NA,NA,NA,NA,NA,NA,NA,0
"40745",1961,10,136.21,2.21,3.58,11.89,20.35,0.34,908.59,1022.39,NA,NA,NA,NA,NA,NA,NA,NA,NA,NA,13
"40745",1961,11,140.96,1.48,0.6,8.02,16.47,2.72,905.74,1020.76,NA,NA,NA,NA,NA,NA,NA,NA,NA,NA,20.7
"40745",1961,12,145.16,1.5,-1.71,5.42,13.68,-0.03,904.02,1020.02,NA,NA,NA,NA,NA,NA,NA,NA,NA,NA,3.6
"40745",1962,1,155.28,2.28,-3.94,1.89,8.74,-3.78,906.43,1024.41,NA,NA,NA,NA,NA,NA,NA,NA,NA,NA,2.3
"40745",1962,2,159.46,2.57,0.46,6.4,13.36,-0.14,903.21,1018.71,NA,NA,NA,NA,NA,NA,NA,NA,NA,NA,22
"40745",1962,3,159.11,2.6,4.42,10.97,18.13,3.57,901.8,1015.08,NA,NA,NA,NA,NA,NA,NA,NA,NA,NA,49.2
"40745",1962,4,142.25,2.59,6.83,12.6,18.23,5.95,901.59,1014.06,NA,NA,NA,NA,NA,NA,NA,NA,NA,NA,71.3
"40745",1962,5,126.53,2.43,11.77,19.6,26.61,8.27,902.19,1011.88,NA,NA,NA,NA,NA,NA,NA,NA,NA,NA,13.2
"40745",1962,6,143.46,2.87,14.47,23.35,30.57,6.41,900.46,1008.53,NA,NA,NA,NA,NA,NA,NA,NA,NA,NA,10
"40745",1962,7,163.06,3.69,18.1,27.54,34.74,7.32,898.2,1004.37,NA,NA,NA,NA,NA,NA,NA,NA,NA,NA,0
"40745",1962,8,138.67,3.04,14.39,23.81,31.55,4.95,901.44,1009.46,NA,NA,NA,NA,NA,NA,NA,NA,NA,NA,0
"40745",1962,9,136.17,2.56,8.3,17.74,26.23,3.16,905.03,1015.91,NA,NA,NA,NA,NA,NA,NA,NA,NA,NA,0
"40745",1962,10,141.05,2.16,4.71,13.08,21.39,2.47,906.98,1020.03,NA,NA,NA,NA,NA,NA,NA,NA,NA,NA,10.6
"40745",1962,11,149.75,1.95,-2.83,3.98,12,-1.54,910.88,1028.44,NA,NA,NA,NA,NA,NA,NA,NA,NA,NA,4.3
"40745",1962,12,147.86,1.81,-2.32,3.74,11.1,-1.85,905.32,1022.28,NA,NA,NA,NA,NA,NA,NA,NA,NA,NA,13.9
"40745",1963,1,156.85,1.66,-1.35,5.41,13.65,0.6,904.98,1021.12,NA,NA,NA,NA,NA,NA,NA,NA,NA,NA,7
"40745",1963,2,152.28,2.46,1.64,7.64,14.29,2,903.85,1018.87,NA,NA,NA,NA,NA,NA,NA,NA,NA,NA,9
"40745",1963,3,165.65,2.83,1.61,7.33,14.06,2.25,900.64,1015.36,NA,NA,NA,NA,NA,NA,NA,NA,NA,NA,36
"40745",1963,4,145.54,2.69,9.2,15.69,22.47,9.02,899.7,1010.61,NA,NA,NA,NA,NA,NA,NA,NA,NA,NA,44.2
"40745",1963,5,144.68,2.5,12.06,18.2,24.32,11.64,898.41,1008.02,NA,NA,NA,NA,NA,NA,NA,NA,NA,NA,113.3
"40745",1963,6,142.17,3.26,17.3,25.02,32.3,11.78,899.66,1006.77,NA,NA,NA,NA,NA,NA,NA,NA,NA,NA,0.6
"40745",1963,7,117.7,2.55,18.29,27.11,34.42,10.68,897.93,1004.13,NA,NA,NA,NA,NA,NA,NA,NA,NA,NA,2
"40745",1963,8,111.61,2.48,15.84,24.64,32.16,9.22,899.83,1007.21,NA,NA,NA,NA,NA,NA,NA,NA,NA,NA,2
"40745",1963,9,129.62,2.55,11.43,20.67,29.33,6.36,903.81,1013.29,NA,NA,NA,NA,NA,NA,NA,NA,NA,NA,4
"40745",1963,10,136.09,2.04,7.42,15.64,24.1,5.16,906.66,1018.54,NA,NA,NA,NA,NA,NA,NA,NA,NA,NA,4
"40745",1963,11,116,1.6,0.87,7.01,15.03,2.19,906.48,1022.01,NA,NA,NA,NA,NA,NA,NA,NA,NA,NA,15.3
"40745",1963,12,117.62,1.63,-4.94,0.58,8.13,-2.84,905.58,1024.03,NA,NA,NA,NA,NA,NA,NA,NA,NA,NA,23.8
"40745",1964,1,147.54,1.65,-14.03,-7.64,-0.16,-10.37,906.15,1028.62,NA,NA,NA,NA,NA,NA,NA,NA,NA,NA,12
"40745",1964,2,139.4,1.94,-1.48,2.74,8.1,0.91,903.15,1020.26,NA,NA,NA,NA,NA,NA,NA,NA,NA,NA,37.8
"40745",1964,3,160.81,2.88,5.39,10.36,16.9,3.5,902.65,1016.31,NA,NA,NA,NA,NA,NA,NA,NA,NA,NA,57.3
"40745",1964,4,154.67,3.04,7.1,11.99,17.6,5.43,899.77,1012.33,NA,NA,NA,NA,NA,NA,NA,NA,NA,NA,72.2
"40745",1964,5,130.89,2.48,11.68,19.56,26.55,5.22,901.91,1011.66,NA,NA,NA,NA,NA,NA,NA,NA,NA,NA,4.6
"40745",1964,6,124.42,2.47,15.8,24.87,32.17,3.88,898.53,1005.85,NA,NA,NA,NA,NA,NA,NA,NA,NA,NA,0.2
"40745",1964,7,121.13,2.85,19.23,27.13,33.81,7.32,897.31,1003.52,NA,NA,NA,NA,NA,NA,NA,NA,NA,NA,4
"40745",1964,8,103.43,2.46,16.74,25.62,33.45,4.16,898.03,1005.01,NA,NA,NA,NA,NA,NA,NA,NA,NA,NA,0
"40745",1964,9,129.79,2.42,10.7,19.7,28.23,1.28,903.45,1013.41,NA,NA,NA,NA,NA,NA,NA,NA,NA,NA,0
"40745",1964,10,126.21,2.09,2.13,10.73,19.74,-3.33,908.62,1022.96,NA,NA,NA,NA,NA,NA,NA,NA,NA,NA,0
"40745",1964,11,128.38,1.7,-0.23,7.54,16.4,-3.51,905.95,1021.35,NA,NA,NA,NA,NA,NA,NA,NA,NA,NA,10
"40745",1964,12,121.25,1.52,-8.74,-2.52,5.68,-8.53,909.01,1029.42,NA,NA,NA,NA,NA,NA,NA,NA,NA,NA,17
"40745",1965,1,132.86,1.54,-4.03,-0.16,5.26,-2.81,904.26,1022.91,NA,NA,NA,NA,NA,NA,NA,NA,NA,NA,30.2
"40745",1965,2,138.97,2.34,-1.71,3.56,10.32,-3.24,901.66,1018.29,NA,NA,NA,NA,NA,NA,NA,NA,NA,NA,23
"40745",1965,3,140.12,2.4,1.03,6.74,13.42,0.08,904.49,1020.01,NA,NA,NA,NA,NA,NA,NA,NA,NA,NA,31.1
"40745",1965,4,132.71,2.4,6.43,13.61,21.13,1.78,899.92,1011.95,NA,NA,NA,NA,NA,NA,NA,NA,NA,NA,28.8
"40745",1965,5,109.92,2.1,12.77,21.12,28.45,5.02,902.2,1011.4,NA,NA,NA,NA,NA,NA,NA,NA,NA,NA,28.4
"40745",1965,6,119.54,2.59,16.1,24.95,32.33,3.54,899.8,1007.25,NA,NA,NA,NA,NA,NA,NA,NA,NA,NA,0
"40745",1965,7,114.27,2.64,19.06,27.32,34.35,6.63,897.78,1004.01,NA,NA,NA,NA,NA,NA,NA,NA,NA,NA,1.4
"40745",1965,8,130.6,2.58,15.55,24.91,33.13,3.86,901.32,1008.95,NA,NA,NA,NA,NA,NA,NA,NA,NA,NA,1
"40745",1965,9,118,2.03,10.97,19.53,27.37,1.81,904.6,1014.73,NA,NA,NA,NA,NA,NA,NA,NA,NA,NA,2
"40745",1965,10,150.36,2.33,8.68,15.28,23.16,4.9,905.18,1017.07,NA,NA,NA,NA,NA,NA,NA,NA,NA,NA,6.3
"40745",1965,11,143.08,1.8,3.97,10,16.97,1.92,906.09,1020.32,NA,NA,NA,NA,NA,NA,NA,NA,NA,NA,10.4
"40745",1965,12,120.36,1.56,-2.58,4.37,12.32,-3.84,904.74,1021.37,NA,NA,NA,NA,NA,NA,NA,NA,NA,NA,4.7
"40745",1966,1,136.69,1.42,-0.68,6.47,15.26,-2.6,905.25,1021.02,NA,NA,NA,NA,NA,NA,NA,NA,NA,NA,5
"40745",1966,2,149.69,2.11,1.46,7.38,14.18,-0.11,902.38,1017.37,NA,NA,NA,NA,NA,NA,NA,NA,NA,NA,24.3
"40745",1966,3,184.63,3.07,3.48,8.66,15.23,0.48,901.02,1015.22,NA,NA,NA,NA,NA,NA,NA,NA,NA,NA,45.9
"40745",1966,4,162.71,2.65,7.77,13.81,19.93,4.19,901.31,1013.36,NA,NA,NA,NA,NA,NA,NA,NA,NA,NA,34.5
"40745",1966,5,152.1,2.84,12.42,19.43,26.19,2.37,902.94,1012.92,NA,NA,NA,NA,NA,NA,NA,NA,NA,NA,23.6
"40745",1966,6,128.6,2.87,18.17,26.65,33.8,5.02,899.22,1005.93,NA,NA,NA,NA,NA,NA,NA,NA,NA,NA,0
"40745",1966,7,125.28,2.81,18.35,26.63,33.87,4.44,897.5,1004.03,NA,NA,NA,NA,NA,NA,NA,NA,NA,NA,0
"40745",1966,8,149.15,2.56,16.61,25.75,33.35,1.06,898.49,1005.54,NA,NA,NA,NA,NA,NA,NA,NA,NA,NA,0
"40745",1966,9,139.75,2.71,11.83,20.31,28.17,-0.27,903.08,1012.77,NA,NA,NA,NA,NA,NA,NA,NA,NA,NA,1
"40745",1966,10,133.51,2,5.81,12.58,19.61,0.75,906.88,1020.13,NA,NA,NA,NA,NA,NA,NA,NA,NA,NA,10.4
"40745",1966,11,106.5,1.49,-1.7,6.6,16.3,-6.14,911.65,1028.21,NA,NA,NA,NA,NA,NA,NA,NA,NA,NA,0.1
"40745",1966,12,128.02,1.59,-2.97,3.93,11.74,-6.48,904.34,1021.16,NA,NA,NA,NA,NA,NA,NA,NA,NA,NA,4.5
"40745",1967,1,118.83,1.31,-8.48,-1.36,7.35,-7.5,905.55,1025.03,NA,NA,NA,NA,NA,NA,NA,NA,NA,NA,22
"40745",1967,2,163.3,2.71,-2.18,1.31,5.96,-2.78,903.49,1021.32,NA,NA,NA,NA,NA,NA,NA,NA,NA,NA,32.5
"40745",1967,3,150.85,2.76,1.32,7.42,14.55,-1.71,900.01,1014.7,NA,NA,NA,NA,NA,NA,NA,NA,NA,NA,34.9
"40745",1967,4,171.6,2.67,7.43,12.16,17.43,5.2,900.32,1012.93,NA,NA,NA,NA,NA,NA,NA,NA,NA,NA,71.3
"40745",1967,5,147.98,2.56,11.19,18.57,25.39,5.14,902.09,1012.31,NA,NA,NA,NA,NA,NA,NA,NA,NA,NA,23.5
"40745",1967,6,122,2.88,14.1,23.14,30.23,3.13,899.63,1007.74,NA,NA,NA,NA,NA,NA,NA,NA,NA,NA,0.1
"40745",1967,7,111.45,2.66,17.32,26.21,33.58,7.05,897.3,1003.87,NA,NA,NA,NA,NA,NA,NA,NA,NA,NA,0
"40745",1967,8,110.32,2.31,14.68,24.65,32.84,1.68,898.6,1006.07,NA,NA,NA,NA,NA,NA,NA,NA,NA,NA,0
"40745",1967,9,139.88,2.43,11.4,20.3,28.77,2.6,901.79,1011.28,NA,NA,NA,NA,NA,NA,NA,NA,NA,NA,0
"40745",1967,10,124.11,2.07,6.52,13.41,20.65,3.58,907.18,1020.08,NA,NA,NA,NA,NA,NA,NA,NA,NA,NA,60
"40745",1967,11,123.67,1.68,3.87,9.37,15.73,2.67,905.26,1019.61,NA,NA,NA,NA,NA,NA,NA,NA,NA,NA,16.8
"40745",1967,12,105.85,1.38,-3,3.15,10.97,-4.36,903.64,1020.7,NA,NA,NA,NA,NA,NA,NA,NA,NA,NA,2.3
"40745",1968,1,149.84,1.77,-3.03,3.04,10.1,-4.79,900.95,1017.72,NA,NA,NA,NA,NA,NA,NA,NA,NA,NA,7
"40745",1968,2,152.93,1.86,-3,2.36,8.31,-2.8,904.48,1022,NA,NA,NA,NA,NA,NA,NA,NA,NA,NA,38.1
"40745",1968,3,158.55,2.49,3.16,8.01,13.94,2.27,902.4,1017.04,NA,NA,NA,NA,NA,NA,NA,NA,NA,NA,74.2
"40745",1968,4,149.12,2.52,6.77,12.21,18.23,4.76,903.46,1016.4,NA,NA,NA,NA,NA,NA,NA,NA,NA,NA,40.7
"40745",1968,5,146.57,2.12,11.68,19.17,25.74,4.77,903.12,1013.19,NA,NA,NA,NA,NA,NA,NA,NA,NA,NA,14.2
"40745",1968,6,130.38,2.57,15.67,23.89,30.93,4.12,899.31,1007.13,NA,NA,NA,NA,NA,NA,NA,NA,NA,NA,1
"40745",1968,7,96.17,2.73,17.19,25.81,32.97,2.6,899.08,1006.13,NA,NA,NA,NA,NA,NA,NA,NA,NA,NA,0
"40745",1968,8,101.49,1.94,15.45,24.87,32.71,3.5,898.79,1006.14,NA,NA,NA,NA,NA,NA,NA,NA,NA,NA,0
"40745",1968,9,100.17,1.64,10.53,20.51,29.73,-1.46,902.96,1012.63,NA,NA,NA,NA,NA,NA,NA,NA,NA,NA,0
"40745",1968,10,104.56,1.84,6.55,13.93,21.9,1,906.64,1019.28,NA,NA,NA,NA,NA,NA,NA,NA,NA,NA,23.3
"40745",1968,11,74.33,0.83,3.47,8.57,14.83,3,907.6,1022.63,NA,NA,NA,NA,NA,NA,NA,NA,NA,NA,62.9
"40745",1968,12,93.1,1.13,0.1,3.42,7.84,-0.03,904.83,1021.78,NA,NA,NA,NA,NA,NA,NA,NA,NA,NA,50.4
"40745",1969,1,104.07,1.82,-7.35,-2.95,3.03,-7.03,905.36,1025.47,NA,NA,NA,NA,NA,NA,NA,NA,NA,NA,41.1
"40745",1969,2,104.87,1.77,-6.96,-2.22,2.96,-5.89,906.52,1026.51,NA,NA,NA,NA,NA,NA,NA,NA,NA,NA,12.9
"40745",1969,3,155.32,3.36,4.32,8.2,13.74,4.79,902.1,1016.59,NA,NA,NA,NA,NA,NA,NA,NA,NA,NA,36.4
"40745",1969,4,168.58,3.71,6.83,12.59,18.57,4.42,902.42,1015.04,NA,NA,NA,NA,NA,NA,NA,NA,NA,NA,31.3
"40745",1969,5,133.91,3.12,11.68,17.88,24.42,8.34,902.38,1012.75,NA,NA,NA,NA,NA,NA,NA,NA,NA,NA,29.8
"40745",1969,6,99.79,2.89,14.87,24.08,32,8.82,899.15,1006.74,NA,NA,NA,NA,NA,NA,NA,NA,NA,NA,0.4
"40745",1969,7,108.43,3.13,17.87,25.23,32.55,10.55,898.29,1005.2,NA,NA,NA,NA,NA,NA,NA,NA,NA,NA,7.4
"40745",1969,8,116.13,2.74,14.81,23.82,31.71,5.52,900.93,1008.89,NA,NA,NA,NA,NA,NA,NA,NA,NA,NA,0
"40745",1969,9,93.54,2.19,10.83,19.1,27.4,3.39,904.05,1014.29,NA,NA,NA,NA,NA,NA,NA,NA,NA,NA,6
"40745",1969,10,108.83,2.08,7.94,14.05,21.35,6.13,905.72,1018.11,NA,NA,NA,NA,NA,NA,NA,NA,NA,NA,10.1
"40745",1969,11,65.21,1.21,-0.33,5.17,12.93,0.03,907.64,1024.23,NA,NA,NA,NA,NA,NA,NA,NA,NA,NA,43.3
"40745",1969,12,78.99,1.07,-0.77,4.9,12.32,-0.01,905.37,1021.79,NA,NA,NA,NA,NA,NA,NA,NA,NA,NA,6.4
"40745",1970,1,87.9,1.32,-5.06,-0.92,5.19,-4.09,904.63,1023.63,NA,NA,NA,NA,NA,NA,NA,NA,NA,NA,26.5
"40745",1970,2,126.7,2.13,0.18,5.7,12.75,-0.83,903.41,1019.24,NA,NA,NA,NA,NA,NA,NA,NA,NA,NA,7.2
"40745",1970,3,116.9,2.49,2.35,7.76,13.77,0.2,903.97,1019.02,NA,NA,NA,NA,NA,NA,NA,NA,NA,NA,52.2
"40745",1970,4,108.42,2.38,9,14.79,22.47,4.4,904.26,1016.23,NA,NA,NA,NA,NA,NA,NA,NA,NA,NA,14.1
"40745",1970,5,98.99,2.34,13.16,21.8,30.06,6.17,900.17,1008.84,NA,NA,NA,NA,NA,NA,NA,NA,NA,NA,0.6
"40745",1970,6,89.54,2.84,14.63,24.07,32.33,5.32,899.54,1007.25,NA,NA,NA,NA,NA,NA,NA,NA,NA,NA,0
"40745",1970,7,90.2,2.47,17.35,25.53,33.03,6.15,897.22,1004.07,NA,NA,NA,NA,NA,NA,NA,NA,NA,NA,3
"40745",1970,8,72.22,2.48,16.26,25.49,34.29,5.66,897.88,1004.8,NA,NA,NA,NA,NA,NA,NA,NA,NA,NA,0
"40745",1970,9,99.46,2.42,9,18.81,28.03,1.09,902.71,1012.94,NA,NA,NA,NA,NA,NA,NA,NA,NA,NA,0
"40745",1970,10,85.12,1.89,4.45,13.42,22.87,1.24,905.57,1018.33,NA,NA,NA,NA,NA,NA,NA,NA,NA,NA,0
"40745",1970,11,52.04,1.02,1.47,9.09,18.8,-0.19,906.95,1021.74,NA,NA,NA,NA,NA,NA,NA,NA,NA,NA,7
"40745",1970,12,35.89,0.61,-5.94,0.08,8,-5,906.08,1024.88,NA,NA,NA,NA,NA,NA,NA,NA,NA,NA,20.1
"40745",1971,1,40.48,0.88,-5.55,-0.64,7.55,-4.22,908.91,1028.35,NA,NA,NA,NA,NA,NA,NA,NA,NA,NA,11.4
"40745",1971,2,88.39,2.02,-1.96,3.65,11.36,-2.35,900.75,1017.2,NA,NA,NA,NA,NA,NA,NA,NA,NA,NA,13.3
"40745",1971,3,92.66,2.38,3.19,10.01,17.32,0.79,903.57,1017.6,NA,NA,NA,NA,NA,NA,NA,NA,NA,NA,33.1
"40745",1971,4,110.71,2.81,7.63,13.25,19.73,4.94,901.47,1013.72,NA,NA,NA,NA,NA,NA,NA,NA,NA,NA,41.7
"40745",1971,5,60.81,2.09,11.81,21.2,29.45,4.11,901.19,1010.26,NA,NA,NA,NA,NA,NA,NA,NA,NA,NA,1
"40745",1971,6,62.54,2.52,14.77,24.25,32.63,5.55,897.15,1004.5,NA,NA,NA,NA,NA,NA,NA,NA,NA,NA,0
"40745",1971,7,88.19,3.01,16.45,26.24,34.19,7.23,897.41,1003.99,NA,NA,NA,NA,NA,NA,NA,NA,NA,NA,0
"40745",1971,8,60.24,2.56,13.52,23.93,32.9,2.45,899.28,1007.07,NA,NA,NA,NA,NA,NA,NA,NA,NA,NA,0
"40745",1971,9,89.25,2.22,8.63,19.1,27.97,-0.19,904.2,1014.51,NA,NA,NA,NA,NA,NA,NA,NA,NA,NA,0
"40745",1971,10,90.28,1.91,3.61,13.11,22.71,1.32,906.92,1019.96,NA,NA,NA,NA,NA,NA,NA,NA,NA,NA,1.2
"40745",1971,11,69.42,1.2,2.73,9.21,17,2.62,906.34,1020.95,NA,NA,NA,NA,NA,NA,NA,NA,NA,NA,18.1
"40745",1971,12,86.25,1.53,-0.71,4.35,10.94,-1.3,903.65,1020.08,NA,NA,NA,NA,NA,NA,NA,NA,NA,NA,77.4
"40745",1972,1,40.12,0.86,-10.74,-6.38,-0.06,-8.96,907.01,1028.96,NA,NA,NA,NA,NA,NA,NA,NA,NA,NA,59.5
"40745",1972,2,49.22,0.97,-15.86,-8.94,-1.07,-11.95,908,1031.5,NA,NA,NA,NA,NA,NA,NA,NA,NA,NA,44.4
"40745",1972,3,72.07,1.42,-0.77,3.94,9.42,1.06,904.2,1020.93,NA,NA,NA,NA,NA,NA,NA,NA,NA,NA,66
"40745",1972,4,77.92,1.57,7.2,14.73,22.17,5.09,902.57,1014.36,NA,NA,NA,NA,NA,NA,NA,NA,NA,NA,16.9
"40745",1972,5,94.96,1.83,9.39,16.94,23.77,7.13,900.73,1011.29,NA,NA,NA,NA,NA,NA,NA,NA,NA,NA,41.2
"40745",1972,6,70.38,1.88,14.87,23.28,30.8,10.2,899.92,1007.83,NA,NA,NA,NA,NA,NA,NA,NA,NA,NA,12.2
"40745",1972,7,57.42,1.7,14.94,24.86,32.61,5.87,898.59,1005.86,NA,NA,NA,NA,NA,NA,NA,NA,NA,NA,0
"40745",1972,8,50.97,1.79,11.77,21.71,29.65,4.33,902.14,1011.07,NA,NA,NA,NA,NA,NA,NA,NA,NA,NA,4
"40745",1972,9,65.54,1.43,9.3,19.97,29.3,2.71,904.44,1014.4,NA,NA,NA,NA,NA,NA,NA,NA,NA,NA,7
"40745",1972,10,42.62,0.95,4.94,14.94,24.58,1.44,907.28,1019.58,NA,NA,NA,NA,NA,NA,NA,NA,NA,NA,9.2
"40745",1972,11,37.88,0.77,1,8.62,17.8,-0.27,907.13,1022.17,NA,NA,NA,NA,NA,NA,NA,NA,NA,NA,1
"40745",1972,12,45.89,0.9,-5.52,-1.53,3.55,-4.05,909.05,1028.9,NA,NA,NA,NA,NA,NA,NA,NA,NA,NA,27.3
"40745",1973,1,74.52,1.37,-7.97,-2.16,4.55,-7.61,907.51,1027.58,NA,NA,NA,NA,NA,NA,NA,NA,NA,NA,15
"40745",1973,2,72.72,1.51,-1.04,5.52,12.46,-0.72,903.04,1018.92,NA,NA,NA,NA,NA,NA,NA,NA,NA,NA,37.3
"40745",1973,3,85.65,2.09,1.94,6.86,12.9,1.35,904.2,1019.59,NA,NA,NA,NA,NA,NA,NA,NA,NA,NA,86.6
"40745",1973,4,111.3,2.81,8.97,15.18,21.93,6.47,900.53,1011.85,NA,NA,NA,NA,NA,NA,NA,NA,NA,NA,47.8
"40745",1973,5,65.85,2.06,10.77,18.64,25.52,7.69,901.88,1011.93,NA,NA,NA,NA,NA,NA,NA,NA,NA,NA,36.1
"40745",1973,6,62.46,2.4,15.4,24.89,33.13,6.85,899.23,1006.54,NA,NA,NA,NA,NA,NA,NA,NA,NA,NA,0
"40745",1973,7,72.58,2.39,16.55,26.41,34.26,7.48,897.03,1003.5,NA,NA,NA,NA,NA,NA,NA,NA,NA,NA,0
"40745",1973,8,44.31,2.31,15.77,25.23,33.32,8.09,900.79,1008.09,NA,NA,NA,NA,NA,NA,NA,NA,NA,NA,0
"40745",1973,9,70.88,1.87,9.27,18.43,27.1,4.38,905.1,1015.67,NA,NA,NA,NA,NA,NA,NA,NA,NA,NA,0
"40745",1973,10,63.95,1.18,4.68,14.7,24.61,2.12,907.12,1019.54,NA,NA,NA,NA,NA,NA,NA,NA,NA,NA,2.1
"40745",1973,11,48.58,0.76,0.33,8.15,17.8,-2.36,906.17,1021.34,NA,NA,NA,NA,NA,NA,NA,NA,NA,NA,6.4
"40745",1973,12,53.15,0.69,-4.94,0.79,8.35,-4.75,908.1,1026.78,NA,NA,NA,NA,NA,NA,NA,NA,NA,NA,27
"40745",1974,1,51.17,0.84,-7.9,-3.28,2.19,-6.03,905.84,1026.12,NA,NA,NA,NA,NA,NA,NA,NA,NA,NA,68.5
"40745",1974,2,36.61,0.58,-9.57,-4.68,1.61,-7.22,907.54,1028.79,NA,NA,NA,NA,NA,NA,NA,NA,NA,NA,74.2
"40745",1974,3,67.66,1.35,1.71,6.85,12.68,1.48,907.65,1023.53,NA,NA,NA,NA,NA,NA,NA,NA,NA,NA,48.4
"40745",1974,4,115.38,2.36,6.87,12.28,18.3,5.78,900.32,1012.84,NA,NA,NA,NA,NA,NA,NA,NA,NA,NA,64.9
"40745",1974,5,52.78,1.23,11.26,19.83,27.58,7.56,901.79,1011.39,NA,NA,NA,NA,NA,NA,NA,NA,NA,NA,8.5
"40745",1974,6,57.79,1.67,14.23,23.92,31.97,8.25,899.26,1006.9,NA,NA,NA,NA,NA,NA,NA,NA,NA,NA,11.7
"40745",1974,7,75.2,2.55,17.68,25.96,33.42,10.37,898.26,1004.91,NA,NA,NA,NA,NA,NA,NA,NA,NA,NA,0
"40745",1974,8,62.06,2.04,12.29,22.61,31.29,6.12,900.41,1008.74,NA,NA,NA,NA,NA,NA,NA,NA,NA,NA,0
"40745",1974,9,51.25,1.42,9.63,18.77,27.4,3.73,903.89,1014.22,NA,NA,NA,NA,NA,NA,NA,NA,NA,NA,0
"40745",1974,10,46.17,0.77,0.74,11.55,21.94,-2.44,908.16,1022.12,NA,NA,NA,NA,NA,NA,NA,NA,NA,NA,0
"40745",1974,11,53,1,0.53,8.3,17.13,-0.69,908.48,1023.78,NA,NA,NA,NA,NA,NA,NA,NA,NA,NA,0.3
"40745",1974,12,55.77,0.79,-5.35,0.54,8.32,-4.21,905.9,1024.38,NA,NA,NA,NA,NA,NA,NA,NA,NA,NA,41.5
"40745",1975,1,58.19,0.84,-5.29,-0.22,6.52,-4.58,906.55,1025.52,NA,NA,NA,NA,NA,NA,NA,NA,NA,NA,23.5
"40745",1975,2,65.98,1.28,-2.64,2.04,8.11,-2.27,903.62,1021.15,NA,NA,NA,NA,NA,NA,NA,NA,NA,NA,18
"40745",1975,3,85.77,1.82,2.26,7.85,14.35,1.58,903.09,1017.93,NA,NA,NA,NA,NA,NA,NA,NA,NA,NA,30
"40745",1975,4,60.08,1.27,6.23,14.22,21.4,3.8,904.16,1016.43,NA,NA,NA,NA,NA,NA,NA,NA,NA,NA,19.9
"40745",1975,5,70.12,1.92,10.71,20.36,28.48,5.5,901.8,1011.2,NA,NA,NA,NA,NA,NA,NA,NA,NA,NA,7.1
"40745",1975,6,65.58,2.04,13.47,25.17,33.83,5.54,899.07,1006.3,NA,NA,NA,NA,NA,NA,NA,NA,NA,NA,0
"40745",1975,7,63.75,2.21,15.84,27.84,36.65,6.37,897.35,1003.34,NA,NA,NA,NA,NA,NA,NA,NA,NA,NA,0
"40745",1975,8,41.49,1.95,14.42,24.83,33.61,5.57,899.39,1006.76,NA,NA,NA,NA,NA,NA,NA,NA,NA,NA,0
"40745",1975,9,58.33,1.67,10.03,20.01,28.77,2.88,903.58,1013.39,NA,NA,NA,NA,NA,NA,NA,NA,NA,NA,0
"40745",1975,10,57.94,1.23,3.1,11.94,21.19,-0.03,906.04,1019.51,NA,NA,NA,NA,NA,NA,NA,NA,NA,NA,7.8
"40745",1975,11,36,0.73,-1.83,4.54,12.23,-1.3,908.68,1025.68,NA,NA,NA,NA,NA,NA,NA,NA,NA,NA,38.8
"40745",1975,12,35.44,0.69,-3.68,1.13,7.29,-2.19,907.31,1025.73,NA,NA,NA,NA,NA,NA,NA,NA,NA,NA,27.1
"40745",1976,1,37.94,0.64,-1.42,3.71,10.61,-0.99,903.15,1019.84,NA,NA,NA,NA,NA,NA,NA,NA,NA,NA,15.3
"40745",1976,2,61.29,1.37,-4,-0.27,4.76,-3.46,904.71,1023.43,NA,NA,NA,NA,NA,NA,NA,NA,NA,NA,60.6
"40745",1976,3,99.44,2,-0.39,3.96,9.13,-0.06,903.95,1020.63,NA,NA,NA,NA,NA,NA,NA,NA,NA,NA,109.8
"40745",1976,4,72.79,1.66,7.8,12.91,18.97,7.48,902.72,1015.18,NA,NA,NA,NA,NA,NA,NA,NA,NA,NA,132
"40745",1976,5,80.36,1.9,12.61,19.5,26.45,10.95,901.8,1011.36,NA,NA,NA,NA,NA,NA,NA,NA,NA,NA,28.2
"40745",1976,6,57.46,1.77,14.8,24.05,32.13,8.25,900.57,1008.32,NA,NA,NA,NA,NA,NA,NA,NA,NA,NA,0
"40745",1976,7,48.43,1.78,16.87,26.43,34.94,8.95,896.88,1003.26,NA,NA,NA,NA,NA,NA,NA,NA,NA,NA,6
"40745",1976,8,72.7,2,13.87,24.84,34.42,5.3,898.99,1006.33,NA,NA,NA,NA,NA,NA,NA,NA,NA,NA,0
"40745",1976,9,54.96,1.36,10.37,20.25,29.3,3.62,903.28,1012.93,NA,NA,NA,NA,NA,NA,NA,NA,NA,NA,0
"40745",1976,10,44.15,0.94,5.16,12.28,20.74,3.52,905.45,1018.59,NA,NA,NA,NA,NA,NA,NA,NA,NA,NA,24.4
"40745",1976,11,25,0.6,-3.73,3.74,13.3,-3.76,910.55,1028.22,NA,NA,NA,NA,NA,NA,NA,NA,NA,NA,17.6
"40745",1976,12,43.87,0.86,-3.58,1.29,7.74,-2.35,908.15,1026.6,NA,NA,NA,NA,NA,NA,NA,NA,NA,NA,33.1
"40745",1977,1,23.67,0.47,-10.81,-6.26,-0.48,-9.03,906.72,1028.57,NA,NA,NA,NA,NA,NA,NA,NA,NA,NA,60.2
"40745",1977,2,33.82,0.67,-3.96,2.85,10.89,-2.63,907.44,1025.14,NA,NA,NA,NA,NA,NA,NA,NA,NA,NA,10.2
"40745",1977,3,61.17,1.54,4.74,12.16,20.42,1.99,906.6,1020.05,NA,NA,NA,NA,NA,NA,NA,NA,NA,NA,5
"40745",1977,4,59.5,1.4,9.23,15.98,23.13,4.87,901.1,1012.2,NA,NA,NA,NA,NA,NA,NA,NA,NA,NA,26.5
"40745",1977,5,47.66,1.32,11.71,19.74,27.61,7.06,902.25,1011.9,NA,NA,NA,NA,NA,NA,NA,NA,NA,NA,16.5
"40745",1977,6,50.71,1.84,16.53,26.25,35.33,8.55,898.05,1004.66,NA,NA,NA,NA,NA,NA,NA,NA,NA,NA,9.6
"40745",1977,7,39.11,2.14,16.48,26.46,35.03,6.5,896.89,1003.34,NA,NA,NA,NA,NA,NA,NA,NA,NA,NA,0
"40745",1977,8,45.24,1.74,14.9,24.29,33.23,6.63,899.84,1007.43,NA,NA,NA,NA,NA,NA,NA,NA,NA,NA,0
"40745",1977,9,32.5,1.05,9.33,19.92,29.67,3.12,904.8,1014.78,NA,NA,NA,NA,NA,NA,NA,NA,NA,NA,0
"40745",1977,10,45.85,1.02,5.58,12.75,20.68,3.83,906.93,1020.12,NA,NA,NA,NA,NA,NA,NA,NA,NA,NA,49.2
"40745",1977,11,23.25,0.32,3.3,8.25,15.23,4.01,906.57,1021.56,NA,NA,NA,NA,NA,NA,NA,NA,NA,NA,14
"40745",1977,12,28.75,0.61,-1.26,3.15,9.1,-0.53,906.48,1023.8,NA,NA,NA,NA,NA,NA,NA,NA,NA,NA,24
"40745",1978,1,18.99,0.31,-6.03,-0.65,7.06,-4.97,906.31,1025.47,NA,NA,NA,NA,NA,NA,NA,NA,NA,NA,34.3
"40745",1978,2,44.29,0.92,-3.21,1.7,8.32,-1.48,906.13,1024.1,NA,NA,NA,NA,NA,NA,NA,NA,NA,NA,65.8
"40745",1978,3,59.4,1.26,1.42,7.55,14.74,1.83,903.26,1018.28,NA,NA,NA,NA,NA,NA,NA,NA,NA,NA,23.6
"40745",1978,4,68.75,1.5,8.33,15.04,22.4,6.18,899.83,1011.11,NA,NA,NA,NA,NA,NA,NA,NA,NA,NA,45.6
"40745",1978,5,81.33,1.93,11.35,18.48,26.03,9.1,900.94,1010.88,NA,NA,NA,NA,NA,NA,NA,NA,NA,NA,36
"40745",1978,6,69.79,2.1,14.8,23.27,31.4,8.22,898.81,1006.66,NA,NA,NA,NA,NA,NA,NA,NA,NA,NA,0
"40745",1978,7,53.67,2.26,16.58,26.13,34.32,7.64,899.01,1005.79,NA,NA,NA,NA,NA,NA,NA,NA,NA,NA,0
"40745",1978,8,41.49,1.7,12.74,23.4,32.68,3.64,900.11,1008.18,NA,NA,NA,NA,NA,NA,NA,NA,NA,NA,0
"40745",1978,9,27.58,0.7,9.2,20.69,31.27,3.59,902.75,1012.19,NA,NA,NA,NA,NA,NA,NA,NA,NA,NA,0
"40745",1978,10,32.47,0.67,5.52,14.79,24.26,3.89,907.63,1020.34,NA,NA,NA,NA,NA,NA,NA,NA,NA,NA,0
"40745",1978,11,23.05,0.41,0.13,4,9.28,0.67,909.14,1026.37,NA,NA,NA,NA,NA,NA,NA,NA,NA,NA,61.7
"40745",1978,12,14.64,0.26,-0.06,5.2,12.68,0.67,905.19,1021.45,NA,NA,NA,NA,NA,NA,NA,NA,NA,NA,38.5
"40745",1979,1,19.64,0.31,-4.1,0.44,6.35,-3.08,907.23,1026.22,5.07,76.08,NA,NA,NA,7.03,5.09,89.87,63.47,-4.93,95
"40745",1979,2,53.36,0.9,-0.07,5.22,9.29,0.53,903.14,1020.04,6.55,73.92,NA,NA,NA,9.36,6.15,90.68,57.61,-0.54,30.6
"40745",1979,3,37.79,0.66,1.77,8.76,13.19,2.4,903.65,1019.24,7.69,67.48,3.74,NA,NA,12.56,4.84,89.53,49.57,1.06,72.3
"40745",1979,4,66.63,1.38,9.53,17.46,22.7,7.94,902.55,1014.4,10.97,56.94,5.1,NA,NA,21.47,5.63,80.5,40.3,8.77,43.7
"40745",1979,5,78.19,2.06,8.39,19.37,23.9,5.08,903.89,1015.41,9.12,43.17,8.8,NA,NA,23.6,3.71,67.48,30.1,7.94,22
"40745",1979,6,63.9,1.93,13.43,22.98,31.23,6.67,901.82,1010.2,10.18,38.94,10.91,NA,NA,29.77,1.71,63.1,19.5,12.83,2
"40745",1979,7,54.19,2.38,16.9,27.29,36.03,6.73,899.16,1005.59,10.09,30.8,11.72,NA,NA,38.72,0.31,54.19,13.48,15.71,0
"40745",1979,8,61.25,2.16,13.68,23.83,32.9,3.95,900.26,1008.16,8.41,31.17,11.25,NA,NA,31.78,0.38,54.26,13.68,12.9,0
"40745",1979,9,63.17,1.64,10.17,20.44,30.5,4.14,905.69,1015.56,8.58,39,10.07,NA,NA,26.49,0.55,64.03,17.13,9.17,1
"40745",1979,10,47.98,0.99,7.84,16.29,26.03,5.14,906.44,1018.03,9.01,51.94,7.74,NA,NA,20.07,2.08,76.26,28.45,7.06,0
"40745",1979,11,35.79,0.57,-1.67,6.52,17.5,-3.46,909.76,1026.08,5.17,55.03,6.51,NA,NA,11.11,1.85,78.77,30.27,-2.4,3.2
"40745",1979,12,41.98,0.62,-1.65,3.9,11.35,-0.5,905.02,1021.8,6.05,75.24,4.25,NA,NA,8.61,3.89,91.61,51.06,-2.65,31.6
"40745",1980,1,45.44,0.77,-6.94,-1.33,5.81,-5.46,905.22,1024.51,4.27,76.28,4.54,NA,NA,6.11,3.57,91.39,54.39,-7.61,62
"40745",1980,2,41.68,0.74,-5.24,-0.78,4.76,-3.36,905.47,1024.57,5.11,83.23,3.76,NA,NA,6.29,5.18,94.83,65.97,-5.86,62.4
"40745",1980,3,76.61,1.37,2.48,7.42,13.71,3.39,903.13,1018.13,8.03,77.91,4.45,NA,NA,11.16,5.48,93.35,56.06,1.77,57.4
"40745",1980,4,65.88,1.48,10.17,17.59,25.97,8.48,901,1011.32,11.27,58.59,7.12,NA,NA,21.41,4.07,81.23,33.6,9.13,7.3
"40745",1980,5,55.2,1.35,12.45,20.59,28.52,8.64,902.09,1011.34,11.44,50.5,8.79,NA,NA,25.7,3.42,74.13,29.87,11.29,18.7
"40745",1980,6,77.83,2.05,15.13,24.48,32.7,6.84,899.97,1007.54,10.21,36.03,11.3,NA,NA,32.75,0.99,58.5,18.47,14.3,0.4
"40745",1980,7,68.71,2.06,16.81,27.18,35.55,7.05,898.77,1005.17,10.25,30.73,11.78,NA,NA,38.31,0.16,50.74,15.19,15.77,0
"40745",1980,8,60.44,1.56,14.32,24.05,33.1,8.94,900.6,1008.28,11.71,40.67,11.47,NA,NA,31.94,0.31,61.06,24.77,13.19,0
"40745",1980,9,58.92,1.28,8.83,19.47,29.93,6.95,903.69,1013.62,10.27,47.51,10.02,NA,NA,24.82,0.61,70.6,28.9,8.17,0
"40745",1980,10,52.38,0.88,4.77,13.14,22.65,3.89,905.57,1018.37,8.31,56.86,7.69,NA,NA,16.81,2.07,80.77,34.06,4.29,5
"40745",1980,11,40.96,0.59,3.1,9.79,18.6,2.81,906.37,1020.71,7.66,64.75,5.33,NA,NA,12.89,3.77,86.27,40.1,2.2,5.8
"40745",1980,12,28.75,0.55,-2.13,4.38,13.52,-2.01,905.42,1022.1,5.38,67.13,5.32,NA,NA,9.19,2.77,86.97,43.61,-2.77,7.2
"40745",1981,1,41.57,0.67,-1.71,3.49,10.94,-1.57,905.07,1022.09,5.54,72.31,4.61,NA,NA,8.29,3.55,89.97,48.26,-2.29,30.2
"40745",1981,2,58.71,1.19,-0.46,5.01,11.64,-0.68,903.54,1019.68,5.99,69.79,3.46,NA,NA,9.24,4.83,88.04,48,-0.96,26.3
"40745",1981,3,72.54,1.48,4.1,10.48,17.8,4.24,901.48,1014.94,8.53,68.09,5.56,NA,NA,13.49,4.63,90.81,44.45,3.61,51.7
"40745",1981,4,89.33,1.99,7.86,13.94,20.63,7.15,901.73,1013.67,10.61,66.84,6.17,NA,NA,17.24,4.58,87.2,45.83,7.69,69.9
"40745",1981,5,72.42,1.99,11.9,18.64,25.84,9.89,901.98,1011.93,12.31,60.42,8.7,NA,NA,22.56,3.08,82.71,38.1,11.45,66.7
"40745",1981,6,82.21,1.66,14.87,22.97,30.7,10.16,900.37,1008.44,12.89,47.49,9.92,NA,NA,29.53,2.1,69.3,28.4,14.17,22
"40745",1981,7,81.33,2.33,18.19,26.23,33.9,13.88,898.33,1004.76,15.98,49.07,10.96,NA,NA,35.8,1.1,69.32,31.9,17.42,1.8
"40745",1981,8,32.06,1.75,14.74,24.04,32.74,11.49,900.57,1008.19,13.7,47.76,11.64,NA,NA,31.69,0.31,68.94,27.94,14.26,0
"40745",1981,9,52.54,1.59,10.23,19.74,29.67,8.39,905.42,1015.41,11.35,51.45,10.41,NA,NA,25.33,0.65,73.5,29.27,9.77,15.6
"40745",1981,10,27.14,0.65,4.52,12.21,20.97,4.98,908.71,1022.25,9.02,64.38,7.24,NA,NA,15.25,2.31,85.45,41.71,4.23,21.1
"40745",1981,11,34.71,0.81,0.73,8.31,18.53,1.29,905.62,1020.55,6.83,64.02,6.54,NA,NA,12.04,1.85,85.27,40.67,-0.07,7
"40745",1981,12,11.01,0.21,-1.39,3.93,11.77,-0.25,905.9,1022.79,6.13,76.37,3.85,NA,NA,8.7,3.63,90.39,57.48,-2.16,38.2
"40745",1982,1,31.21,0.83,-6.11,-1.06,6.11,-3.75,904.89,1024,5.02,82.62,4.08,NA,NA,6.22,3.91,93.06,65.71,-6.71,74.8
"40745",1982,2,65.8,1.36,-3.81,0.28,5.94,-2.59,903.46,1021.74,5.23,81.98,3.71,NA,NA,6.54,4.48,93.3,64.48,-5,61.1
"40745",1982,3,85.65,1.99,1.02,5.79,12.4,2.02,902.8,1018.48,7.26,78.41,4.79,NA,NA,9.88,4.9,93.26,60.9,-0.06,104
"40745",1982,4,68.62,1.52,8.08,16.01,24.53,8.41,903.04,1014.27,11.26,63.92,8.2,NA,NA,19.62,3.01,87.4,37.63,7.23,11.2
"40745",1982,5,74.76,1.96,11.53,19.53,27.46,10.35,905.27,1015.24,13.04,58.49,8.95,NA,NA,24.06,3.04,79.87,38.81,10.53,44.2
"40745",1982,6,85.92,2.45,14.71,23.51,31.39,11.73,901.04,1008.9,13.96,48.97,11.1,NA,NA,30.47,0.96,70.63,29.3,12.97,3.1
"40745",1982,7,72.38,2.24,15.6,25.57,34.19,11.67,898.19,1004.97,14.01,44.7,12.05,NA,NA,34.81,0.54,64.42,25.84,14.48,0
"40745",1982,8,72.74,2.27,13.81,23.06,31.82,10.64,900.54,1008.56,13.2,46.73,11.45,NA,NA,30.24,0.5,68.19,28.48,13.23,0
"40745",1982,9,75.54,1.59,8.46,18.21,27.91,7.82,905.26,1015.84,10.85,53.18,10.17,NA,NA,22.66,0.5,76.47,33.17,8.22,0
"40745",1982,10,93.1,1.75,7.2,12.75,20.32,7.72,906.28,1019.19,10.99,73.82,5.03,NA,NA,15.93,4.32,90,54.19,6.43,36.6
"40745",1982,11,58.75,1.14,0.19,4.05,9.79,1.18,908.39,1025.51,6.81,82.51,3.21,NA,NA,8.55,4.96,95,65.57,-0.33,24.2
"40745",1982,12,46.73,0.65,-5.52,-0.6,6.99,-4.01,907.27,1026.5,4.84,80.7,4.55,NA,NA,6.3,2.6,93.67,56.73,-6.4,41
"40745",1983,1,93.19,1.54,-4.3,0.64,7.35,-2.99,905.45,1023.86,5.18,78.04,4.5,NA,NA,7,3.6,91.16,57.06,-4.74,33.2
"40745",1983,2,87.99,1.28,-2.33,4.49,12.86,-1.12,903.65,1020.04,5.81,70.28,6.58,NA,NA,9.01,2.45,90.96,43.79,-3,15
"40745",1983,3,102.34,1.96,-0.03,5.66,12.45,0.43,904.05,1019.97,6.41,71.52,6.56,NA,NA,9.72,3.64,89.71,50.81,-0.65,83.1
"40745",1983,4,86.21,1.84,7.88,13.62,20.29,7.99,902.55,1014.7,10.92,71.66,5.82,NA,NA,16.41,4.71,89.27,49.93,7.27,96.8
"40745",1983,5,89.52,1.81,12.71,19.51,26.97,12.29,901.91,1011.41,14.55,66.07,7.78,NA,NA,23.73,3.79,87.45,43.19,11.87,66.8
"40745",1983,6,77.21,1.85,15.85,24.51,32.56,12.58,901.08,1008.58,14.78,49.96,11.21,NA,NA,32.59,1.17,72.6,30.17,15.14,1.3
"40745",1983,7,65.44,1.7,18.59,28.22,36.91,13.42,897.83,1003.49,15.64,43.18,11.89,NA,NA,40.66,0.41,65.97,23.87,18.06,0.4
"40745",1983,8,64.31,1.67,16.64,25.7,34.15,12.53,899.29,1006.07,14.72,46.54,11.09,NA,NA,34.89,0.41,67.23,26.74,16.35,0
"40745",1983,9,73.29,1.4,11.04,19.75,28.98,8.92,903.51,1013.23,11.66,52.5,9.46,NA,NA,24.91,1.04,73.47,31.63,10.63,0
"40745",1983,10,63.47,1.17,3.67,12.4,22.82,3.39,907.33,1020.69,8.17,57.47,8.87,NA,NA,16,0.78,81.45,32.97,3.37,0
"40745",1983,11,56,0.87,2.37,10.08,19.82,3.76,907.89,1022.28,8.21,67.44,6.58,NA,NA,13.45,2.58,87.2,45,1.53,5
"40745",1983,12,68.47,1.16,-2.97,2.22,9.44,-1.01,907.96,1025.88,6.06,80.54,5.47,NA,NA,7.92,3.23,94.19,60.19,-3.74,21.1
"40745",1984,1,73.63,1.04,-3.75,0.91,7.22,-2.76,906.06,1024.4,5.12,77.75,4.97,NA,NA,6.83,3.45,91.61,56.16,-4.42,19.4
"40745",1984,2,95.56,1.75,-7.31,-2.09,4.5,-5.93,909.44,1029.7,4.22,76.69,5.97,NA,NA,5.74,3.46,91.9,52.41,-8.17,15
"40745",1984,3,104.35,2.41,4.23,8.5,14.61,4.29,903.29,1017.79,8.58,76.74,3.38,NA,NA,11.62,5.61,92.45,56.87,3.87,57.9
"40745",1984,4,95.33,1.91,8.08,14.88,22.67,7.95,901.14,1012.61,10.9,66.42,6.86,NA,NA,18.23,3.83,88.17,44.33,7.57,48.5
"40745",1984,5,97.78,2.65,11.04,18.8,26.88,8.6,900.93,1010.77,11.42,54.81,8.4,NA,NA,23.19,3.54,78.61,32.55,10.07,4.2
"40745",1984,6,96.5,3.02,15.12,24.11,32.25,9.68,899.86,1007.46,12.24,42.89,12.17,NA,NA,31.74,0.48,63.73,24.53,14.4,0
"40745",1984,7,101.22,3.06,18.67,27.84,36.08,11.14,897.52,1003.38,13.43,37.54,11.59,NA,NA,39.42,0.63,58.68,20.87,17.43,0
"40745",1984,8,88.51,2.66,16.62,26.3,35.52,11.31,898.07,1004.53,13.62,42.17,11.42,NA,NA,36.45,0.17,65.16,23.03,16.06,0
"40745",1984,9,89.92,2.01,9.34,18.91,28.38,7.09,904.69,1014.95,10.29,48.87,9.69,NA,NA,23.63,0.6,71.5,28.8,8.87,0
"40745",1984,10,81.65,1.63,3.35,12.19,22.13,4,907.74,1021.23,8.38,60.35,7.83,NA,NA,15.75,1.2,83.65,35.84,2.74,1.5
"40745",1984,11,66.88,1.37,3.51,8.77,16.05,3.59,906.89,1021.66,8.02,72.55,4,NA,NA,11.96,4.28,89.07,52.79,2.83,26.1
"40745",1984,12,47.14,0.79,-7.24,-2.76,3.48,-5.94,910.17,1030.81,4.19,80.31,4.55,NA,NA,5.35,3.23,93.81,58.61,-8.35,21
"40745",1985,1,92.18,1.37,-4.98,0.29,7.28,-2.5,905.08,1023.59,5.27,82.42,4.9,NA,NA,6.62,3.48,94.06,64.35,-6.06,55.8
"40745",1985,2,135.4,3.2,-0.75,5.33,13.31,-0.71,898.94,1014.35,5.96,68.95,6.49,NA,NA,9.72,3.51,90.21,41.43,-1.36,24.7
"40745",1985,3,99.88,2.23,-0.56,4.53,11.21,0.66,906.81,1023.64,6.9,77.61,4.08,NA,NA,9.55,4.96,92.77,56.26,-1.1,55.6
"40745",1985,4,109.5,2.25,7.3,14.53,22.43,7.23,901.64,1013.31,10.38,65.38,7.22,NA,NA,17.9,3.6,87.04,42.39,6.87,46.5
"40745",1985,5,92.94,2.41,10.77,19.43,27.89,8.08,902.18,1011.95,11.11,52.95,9.35,NA,NA,24.04,2.52,80.06,28.71,10.13,18.2
"40745",1985,6,100.04,2.95,16.31,25.98,34.57,9.3,898.65,1005.4,11.95,38,11.81,NA,NA,35.78,1.01,60.43,19.13,15.47,0
"40745",1985,7,74.98,3.46,17.77,26.72,34.87,10.89,898.92,1005.39,13.3,40.58,12.07,NA,NA,36.97,0.36,62.16,21.71,17,0
"40745",1985,8,114.92,3.3,14.37,23.08,31.1,7.72,901.57,1009.8,10.76,41.14,11.36,NA,NA,29.78,1.03,66.39,20.26,13.71,2
"40745",1985,9,57.83,1.66,9.27,19.84,30.08,3.42,903.76,1013.67,8.05,38.05,10.65,NA,NA,25.18,0.1,63.27,17.37,8.67,0
"40745",1985,10,63.19,1.67,4.59,12.44,21.81,1.86,906.84,1020.12,7.23,52.81,7.36,NA,NA,15.82,2.15,76,29.68,3.73,0.2
"40745",1985,11,26.88,0.58,2.23,8.34,16.49,1.08,908.43,1023.71,6.77,63.89,5.36,NA,NA,11.8,3.65,81.8,43.13,1.53,15.4
"40745",1985,12,20.36,0.71,-0.91,2.98,8.84,-0.44,906.32,1023.71,6.1,80.38,3.04,NA,NA,8.09,5,93.67,60.83,-1.87,74.2
"40745",1986,1,29.8,0.5,-3.68,2.07,10.36,-2.9,905.45,1023.2,5.06,72.6,5.84,NA,NA,7.65,2.73,92.55,45.32,-5.13,27.7
"40745",1986,2,15.31,0.36,-1.76,3.08,9.67,-1.4,904.47,1021.65,5.66,75.53,5.05,NA,NA,8.29,4.54,92.36,50.43,-2.68,82.4
"40745",1986,3,69.76,1.89,-1.04,3.08,8.51,-1.77,906.48,1023.85,5.56,72.88,4.09,NA,NA,7.94,5.08,91.1,50.5,-1.84,65.6
"40745",1986,4,44.92,1.55,6.43,12.72,19.38,6.08,904.76,1017.61,9.78,68.44,6.23,NA,NA,15.45,4.37,91.47,46.03,5.27,51.3
"40745",1986,5,64.07,1.96,12.34,19.87,27.66,8.57,902.2,1011.77,11.42,52.43,8.75,NA,NA,24.45,3.46,80.29,28.9,10.97,19.1
"40745",1986,6,80.5,2.54,14.49,23.65,31.63,6.48,898.38,1006.08,9.87,36.52,10.68,NA,NA,30.82,1.91,62.47,18.57,13.37,0.6
"40745",1986,7,76.81,2.5,18.84,26.87,33.95,7.25,899.87,1006.49,10.74,31.68,11.65,NA,NA,36.82,0.58,49.03,18.26,16.42,0.2
"40745",1986,8,76.21,2.09,16.42,24.27,31.66,3.34,901.1,1008.95,8.12,28.15,11.7,NA,NA,31.68,0.66,44.9,15.45,14.23,6.6
"40745",1986,9,79.88,1.66,12.21,20.72,29.23,3.69,904.52,1014.1,8.8,37.66,10.35,NA,NA,25.88,0.97,54.07,22.4,9.73,5.2
"40745",1986,10,64.68,1.12,9.18,15.81,23.63,5.4,906.89,1018.77,9.19,53.55,8.33,NA,NA,19.13,2.21,76.65,32.35,7.23,6.6
"40745",1986,11,68.33,0.95,2.62,7.72,14,-0.38,906.45,1021.8,6.17,59.68,5.96,NA,NA,11.65,4.23,80.8,40.17,0.79,3.3
"40745",1986,12,70.81,1.04,-1.56,2.83,8.34,-2.87,905.05,1022.4,5.25,68,5.26,NA,NA,8.11,3.48,84.77,49.5,-4.1,36.8
"40745",1987,1,89.15,1.22,-0.31,5.18,12.08,-2.93,905.66,1022.09,5.05,60.4,6.11,NA,NA,9.39,3.11,81.87,37.81,-2.97,6
"40745",1987,2,63.57,1.08,-0.14,4.84,11.79,-2.18,905.18,1021.62,5.38,63.51,5.74,NA,NA,9.19,4.21,82.85,41.15,-2.11,40.7
"40745",1987,3,116.49,1.97,4.9,9.13,15.13,2.37,900.09,1013.93,7.55,66.41,3.95,NA,NA,12.13,5.72,87.77,43.19,3.29,74.3
"40745",1987,4,93.46,2.03,7.58,13.57,20.39,4.19,903.23,1015.64,8.56,57.52,7.25,NA,NA,16.83,4.19,80.69,36.38,5.67,37.8
"40745",1987,5,85.6,1.5,14.27,21.13,28.11,4.86,902.85,1012.1,9.08,38.23,8.27,NA,NA,26.46,3.81,61.97,20.45,11.16,13.3
"40745",1987,6,90.58,2.19,16.78,24.74,31.85,2.49,901.1,1008.83,7.82,26.59,12.38,NA,NA,32.54,0.63,43.97,12.9,12.47,0.2
"40745",1987,7,94.03,2.4,19.25,26.56,33.58,6.4,899.67,1006.41,9.98,30.56,11.04,NA,NA,36.11,1.44,48.03,16.55,16.1,0.3
"40745",1987,8,95.97,2.21,18.68,26.27,33.68,6.11,899.76,1006.6,9.92,30.25,11.64,NA,NA,35.48,0.56,49.9,15.81,14.77,4.6
"40745",1987,9,85.17,1.5,13.02,19.96,27.62,3.91,904.33,1014.25,8.33,37.86,9.41,NA,NA,24.57,1.29,59.67,21.67,9.57,0.5
"40745",1987,10,70.89,1.19,3.99,9.35,16,-0.82,909.62,1024.66,6.03,54.77,6.4,NA,NA,12.98,3.43,73.77,35.77,0.84,30.4
"40745",1987,11,43.06,0.73,3.06,8.77,16.51,-0.84,908.31,1023.4,6.03,55.21,7.1,NA,NA,12.34,3.16,78.93,32.83,-1.14,0.7
"40745",1987,12,69.92,0.91,-0.71,5.63,13.46,-3.87,905.84,1022.07,4.79,54.2,6.01,NA,NA,9.88,3.12,74.03,36.17,-4.03,11.1
"40745",1988,1,72.82,1,-1.95,1.83,6.92,-2.9,904.89,1022.67,5.05,72.88,3.67,NA,NA,7.19,4.27,90.35,50.52,-4.1,37.8
"40745",1988,2,74.57,1.16,-1.98,2.3,7.95,-2.98,904.57,1022.14,5.15,70.58,4.45,NA,NA,7.9,4.88,87.71,48.86,-3.69,68.7
"40745",1988,3,109.4,1.94,4.11,8.99,15.65,1.94,900.24,1014.2,7.28,64.88,6.18,NA,NA,12.05,4.41,88.1,40.48,1.74,45.3
"40745",1988,4,88.38,1.41,9.72,14.77,20.91,7.18,903.19,1014.95,10.68,63.42,6.02,NA,NA,18.03,4.9,83.77,42.7,7.5,122.8
"40745",1988,5,86.81,1.73,12.97,18.8,24.92,9.26,902.24,1012.22,11.92,56.67,9.75,NA,NA,22.93,2.67,75.07,39.63,10.1,16.1
"40745",1988,6,75.62,1.91,18.13,26.31,33.63,8.83,897.93,1004.5,11.77,35.62,11.91,NA,NA,35.89,1.21,52.5,22.83,14.47,0
"40745",1988,7,71.9,2.2,20.38,27.4,34.14,11.61,897.38,1003.36,14.03,39.35,11.88,NA,NA,37.71,1.24,54.87,25.77,16.81,1
"40745",1988,8,61.57,1.6,17.36,24.73,31.7,7.26,899.29,1006.63,10.39,34.36,11.41,NA,NA,32.29,0.87,49.9,22.55,13.9,0
"40745",1988,9,77.29,1.44,12.77,20.3,28.4,5.86,903.63,1013.26,9.7,41.28,10.28,NA,NA,25.58,0.6,60.9,24.37,9.37,3.1
"40745",1988,10,63.06,1,7.1,14.31,22.47,1.68,907.07,1019.65,7.04,44.94,8.81,NA,NA,17.21,1.67,67.55,27.94,3.1,0.3
"40745",1988,11,69.75,0.9,4.73,10.58,19.17,-0.12,905.96,1019.96,6.33,52.45,6.24,NA,NA,13.75,2.96,75.77,29.4,-0.27,4.7
"40745",1988,12,56.41,0.77,1.13,6.49,13.46,-2.09,903.81,1019.35,5.44,57.55,5.53,NA,NA,10.27,3.37,77.16,37.61,-3.23,6.9
"40745",1989,1,48.31,0.7,-6.1,-2.14,2.47,-7.23,905.14,1024.81,3.64,69.65,4.23,NA,NA,5.42,3.91,84.29,51.74,-8.39,45.2
"40745",1989,2,50.85,0.69,-5.69,-1.44,3.97,-7.44,907.26,1026.95,3.62,65.68,5.21,NA,NA,5.8,3.87,82.89,45.93,-8.96,68.9
"40745",1989,3,78.79,1.25,3.56,8.63,14.52,0.85,901.7,1016.01,6.68,60.96,6.43,NA,NA,11.74,4.27,82.87,39.19,-0.71,25
"40745",1989,4,76.75,1.52,8.09,14.89,22.21,0.24,904.56,1016.64,6.41,40.88,9.63,NA,NA,17.91,2.88,64.37,22.5,3.3,16
"40745",1989,5,71.09,1.47,11.34,18.56,25.39,2.9,903.59,1014.08,7.96,39.22,10.14,NA,NA,23.17,2.26,60.81,21.71,7.67,2.2
"40745",1989,6,61.92,1.98,18.39,26.33,33.52,4.23,899.57,1006.47,8.49,25.43,11.52,NA,NA,35.64,1.33,39.27,14.93,13.93,0
"40745",1989,7,101.41,2.72,21.66,28.69,35.22,4.96,898.99,1004.89,9.09,23.8,11.51,NA,NA,40.46,1.11,38.45,13.06,17.42,0.1
"40745",1989,8,57.18,1.87,18.04,25.95,33.28,3.82,899.86,1006.93,8.4,26.27,11.38,NA,NA,34.8,0.52,41.42,13.68,14,0
"40745",1989,9,61.04,1.63,12.32,20.43,28.82,-0.26,902.35,1011.93,6.38,28.61,9.73,NA,NA,25.63,1.05,47.2,15.23,8.4,0
"40745",1989,10,45.44,1.07,8.88,16.36,24.83,0.31,906.47,1018.15,6.53,38.1,8.54,NA,NA,20.2,1.59,58.94,19.68,4.68,1
"40745",1989,11,48.12,0.8,2.31,8.1,15.19,-1.16,906.98,1022.25,5.84,55.71,6.83,NA,NA,11.43,2.51,76.3,35.33,-0.73,17.2
"40745",1989,12,43.87,0.77,1.71,5.47,10.99,0.03,904.46,1020.45,6.25,70.49,4.21,NA,NA,9.3,4.27,88.27,47.77,-1.16,35.2
"40745",1990,1,56.41,0.93,-2.84,0.18,3.99,-2.85,906.22,1024.9,5.05,81.13,2.78,NA,NA,6.4,5.33,93.5,65.27,-5,36.8
"40745",1990,2,79.64,1.45,-0.43,3.18,7.98,-0.93,903,1019.92,5.78,76.64,4.61,NA,NA,8.03,4.61,92.14,57.11,-2.68,37
"40745",1990,3,88.99,2.05,2.19,8.11,15.44,-1.3,905.73,1020.83,5.75,56.89,6.57,NA,NA,11.68,3.87,81.35,33,-0.84,15.4
"40745",1990,4,90.12,2.04,8.92,14.29,20.52,6.08,901.09,1012.87,9.55,62.09,6.53,NA,NA,17.36,4.93,81.52,42.86,6.43,36.4
"40745",1990,5,90.08,2.5,13.99,21.33,28.68,4.89,901.85,1010.92,8.92,36.93,10.66,NA,NA,26.6,2.18,55.61,21.77,9.97,3.3
"40745",1990,6,74.29,2.37,19.64,27.48,34.72,5.45,898.26,1004.54,9.28,26.59,12.32,NA,NA,38.14,0.99,42.7,14.47,15.4,2
"40745",1990,7,62.18,2.71,20.05,27.29,33.7,6.87,898.74,1005.1,10.13,28.88,11.9,NA,NA,37.34,1.18,43.71,17.65,15.87,0.1
"40745",1990,8,43.75,1.85,18.94,26.4,33.62,6.26,900.7,1007.61,9.9,29.8,11.97,NA,NA,35.68,0.31,46,16.94,14.84,0
"40745",1990,9,44.25,1.26,13.39,22.35,30.95,1.43,902.53,1011.34,7.16,27.62,10.86,NA,NA,28.62,0.13,45.3,14.73,8.7,0
"40745",1990,10,46.21,1.03,6.64,14.12,22.4,1.65,906.64,1019.23,7.17,47.43,8.24,NA,NA,17.36,1.83,68.58,29.32,2.94,2.6
"40745",1990,11,30.12,0.6,4.2,10.84,18.85,0.35,907.26,1021.34,6.45,52.33,7.32,NA,NA,14.03,2.21,73.57,31.2,-0.21,11
"40745",1990,12,26.53,0.51,-2.59,1.54,7.2,-3.84,906.87,1025.05,4.79,71.59,3.52,NA,NA,7.7,4.67,85.63,53.8,-5.32,40.1
"40745",1991,1,47.82,0.67,-1.58,1.57,6,-1.5,905.54,1023.52,5.58,81.14,4.31,NA,NA,7.01,4.69,94.39,62.58,-3.33,47.9
"40745",1991,2,56.65,1.03,-1.3,2.2,7.43,-2.02,905.99,1023.77,5.5,75.85,4,NA,NA,7.73,5.43,91.64,54.75,-3.46,36
"40745",1991,3,66.29,1.5,3.58,6.88,11.05,2.84,903.93,1019.25,7.7,77.17,2.88,NA,NA,10.36,6.09,92.16,59.55,2.1,99.9
"40745",1991,4,70.92,1.67,9.8,15.29,21.29,6.82,902.56,1014.06,10.07,60.13,8.05,NA,NA,18.32,3.95,81.97,38.5,7.1,60.9
"40745",1991,5,79.35,1.72,12.03,17.97,24.45,8.12,899.74,1009.78,11.12,55.71,8.02,NA,NA,21.59,3.83,78.45,37.06,8.58,40.8
"40745",1991,6,76.33,2.26,17.23,24.56,30.95,7.05,899.95,1007.46,10.35,34.87,11.88,NA,NA,31.87,1.18,52.23,21.5,12.57,0
"40745",1991,7,66.49,2.27,19.49,27.28,33.95,7.79,897.8,1004.01,10.79,31.14,11.87,NA,NA,37.52,0.83,47.19,18.58,15.42,0
"40745",1991,8,44.76,1.71,17.09,25.19,32.73,4.27,899.93,1007.27,8.84,28.02,11.36,NA,NA,33.41,0.51,43.55,16.23,12.71,0
"40745",1991,9,55,1.57,14.01,21.11,28.54,6.13,904.12,1013.49,9.68,41.07,9.15,NA,NA,26.83,1.29,58.47,25.87,10.03,15.3
"40745",1991,10,21.73,0.41,7.81,14.8,22.05,1.04,907.1,1019.5,6.86,42.42,7.94,NA,NA,17.64,1.99,66.19,24.16,3.26,0.7
"40745",1991,11,33.42,0.51,2.78,8.21,14.9,0.25,908.28,1023.59,6.46,60.04,5.89,NA,NA,11.45,3.03,81.27,38.27,-1.1,3.3
"40745",1991,12,66.98,1.05,0.61,4.99,10.67,-0.94,903.86,1020.05,5.87,68.18,4.08,NA,NA,9.29,3.77,87.39,48.42,-3.3,25.1
"40745",1992,1,41.98,0.79,-3.35,0.43,5.47,-3.27,904.57,1022.96,5.03,77.6,3.18,NA,NA,6.73,4.97,91.03,59.9,-5.84,76.5
"40745",1992,2,61.38,1.19,-0.47,3.93,9.67,-1.32,901.19,1017.52,5.72,70.7,4.88,NA,NA,8.62,4.17,89.89,47.82,-3.76,26
"40745",1992,3,62.94,1.21,0.14,4.45,9.44,-0.67,903.63,1020.08,6.06,71.31,4.7,NA,NA,8.92,5.05,88.63,52.53,-2.07,60.1
"40745",1992,4,67.92,1.6,8.35,12.74,18.95,6.45,901.56,1013.96,9.88,68.57,5.02,NA,NA,15.47,5.51,87.33,48.07,5.27,61.2
"40745",1992,5,55.77,1.42,10.96,15.5,21.52,8.32,903.43,1014.93,11.43,65.02,6.79,NA,NA,18.61,4.84,82.97,48.77,8.45,52.2
"40745",1992,6,64.92,1.55,17.43,23.92,30.63,12.43,899.14,1006.62,14.58,52.25,10.25,2163.1,7.03,31.04,2.79,72.7,33.37,13.63,46.1
"40745",1992,7,37.18,1.93,18.9,27.11,34.15,14.23,899.02,1005.17,16.47,46.12,12.51,1554.26,10.65,37.18,0.18,60,35.26,14,0
"40745",1992,8,53.59,1.88,16.69,23.54,30.37,11.97,902.03,1009.96,14.34,49.88,10.59,1304.81,9.28,30.21,1.29,67.39,33.84,12.74,0.5
"40745",1992,9,46.83,1.47,11.75,19.52,27.3,7.17,904.6,1014.6,10.43,47.7,10.17,1425.23,7.29,23.79,0.75,69.97,27.53,7,0
"40745",1992,10,28.47,0.65,5.91,13.52,22.08,3.64,906.2,1018.95,8.17,54.39,8.31,1453.29,3.8,16.74,1.5,76.74,33.55,1.8,0.4
"40745",1992,11,34.67,0.69,3.81,10.11,18.13,3.71,906.72,1020.95,8.29,66.54,6.37,988.8,2.39,13.41,2.94,84.93,46.9,-0.43,6.4
"40745",1992,12,23.63,0.46,1.2,4.47,8.87,1.59,905.45,1021.99,7.01,82.86,2.93,810.61,NA,8.64,5.18,94.1,66.65,-1,60.6
"40745",1993,1,49.44,0.77,-3.43,0.94,5.81,-4.44,905.82,1024.15,4.53,70.75,4.89,884.74,80,6.93,3.56,90.45,47.74,-5.23,10.4
"40745",1993,2,49.55,1.04,-0.88,2.84,8.06,-0.38,905.61,1022.93,6.1,81.21,3.98,952.14,40,7.86,5.44,95.29,62.5,-2.21,82.9
"40745",1993,3,95.24,2.23,2.26,7.16,13,-0.19,903.96,1019.24,6.28,64.84,5.46,1449.77,3.62,10.86,4.52,86.87,42.7,0.74,50.5
"40745",1993,4,58.5,1.4,8.91,14.57,20.53,5.33,902.29,1014.1,9.22,58.35,6.13,1633.2,4.78,17.59,5.1,80,37.55,7.4,67
"40745",1993,5,93.39,2.07,12.89,18.43,24.11,10.66,902.31,1012.37,13.32,63.46,7.74,1957.48,5.32,22.3,4.78,86.97,41.03,10.75,119.6
"40745",1993,6,78.42,2.44,17.25,24.35,30.8,9.41,899.93,1007.46,12.25,44.02,11.56,2471.27,8.62,31.88,1.67,64.7,26.53,13.67,23.1
"40745",1993,7,98.95,3.39,19.62,27.12,33.66,7.93,899.42,1005.86,10.99,31.91,12.37,2621,11.66,37.04,0.68,49.29,18.97,15.23,0
"40745",1993,8,53.63,1.81,16.88,24.84,31.92,7.33,901.59,1009.18,10.67,35.09,11.78,2401.84,9.68,32.46,0.67,53.94,19.55,12.68,2
"40745",1993,9,101.58,2.26,13.91,21.97,29.91,4.36,903.2,1012.16,8.7,33.45,10.5,2031.67,7.67,27.92,0.62,50.53,20.27,9.57,0
"40745",1993,10,148.59,2.52,5.45,12.47,20.46,-3.92,910.07,1023.9,4.86,33.73,8.17,1471.39,4.43,15.46,1.87,47.23,22.13,1.52,2
"40745",1993,11,149.25,2.7,1.79,5.81,12.17,-2.33,907.43,1023.71,5.25,61.55,4.95,918.2,2.5,9.87,5.07,77.03,43.8,-0.4,13.6
"40745",1993,12,139.56,1.78,-0.23,3.99,10.69,-0.13,908,1025.17,6.11,77.43,4.3,744.48,NA,8.53,4.36,94.52,52.61,-3.19,8.4
"40745",1994,1,115.04,1.84,-1.45,3.12,8.72,-1.98,904.93,1022.13,5.43,72.25,4.68,871.86,NA,7.98,4.21,93.13,48.68,-4.58,33.7
"40745",1994,2,97.81,2.05,-2.35,1.49,6.87,-3.4,903.72,1021.52,4.97,74.47,3.31,927.86,NA,7.25,5.26,93.11,51.14,-4.82,15.6
"40745",1994,3,146.29,2.44,4.63,9.61,15.71,4.17,903.48,1017.53,8.37,73.2,5.6,1244.29,NA,12.63,4.84,95.81,48.87,2,53.1
"40745",1994,4,115.5,2.68,7.82,14.07,21.05,4.94,904.14,1016.41,9.24,58.33,7.29,1824.27,4.79,17.69,4.27,81.53,37.2,3.9,22.9
"40745",1994,5,77.02,2.17,14.1,21.27,28.47,5.61,901.84,1010.9,9.42,39.71,9.97,2289.7,8.1,26.52,2.8,59.94,22.68,7.45,3.6
"40745",1994,6,67.71,2.42,18.63,25.63,32.55,9.18,898.03,1004.84,11.89,37.55,11.72,2493.17,11.13,34.07,1.45,56.17,22.8,13.57,0
"40745",1994,7,58.75,2.49,20.31,27.34,33.97,6.76,897.39,1003.58,10.19,29.13,12.47,2596.71,12.35,37.46,0.39,45.94,16.13,15.42,0
"40745",1994,8,74.76,2.57,19.27,27.26,34.48,6.25,899,1005.39,9.76,27.34,12.03,2436.26,11.59,37.54,0.27,39.42,18.06,14.26,0
"40745",1994,9,126.46,2.87,10.1,18.18,25.83,-1.5,906.98,1018.03,5.61,26.8,10.76,2379.77,7.6,21.92,0.47,35.93,19.07,4.77,0
"40745",1994,10,130.77,2.46,7,13.32,20.37,-1.51,908.37,1021.59,5.82,41.09,7.27,1589.45,3.56,16.27,2.88,61.03,23.9,3.16,14.3
"40745",1994,11,134.79,2.35,5.83,11.73,18.83,4.41,904.4,1017.63,8.54,65.03,6.22,1300.33,2.65,14.5,3.83,89.3,40.2,1.83,13.3
"40745",1994,12,128.91,2.19,-1.6,2.94,8.63,-1.76,906.5,1023.98,5.68,74.08,5.11,1325.85,1.06,8.14,3.78,94.03,49.39,-5.1,18.6
"40745",1995,1,141.49,2.29,-0.53,4.48,11.03,-0.28,906.56,1023.33,6.08,74.85,5.9,1378.37,NA,8.88,3.41,96.13,48.13,-4.16,24.9
"40745",1995,2,129.38,2.79,-0.24,4.37,10.39,0.19,904.97,1021.54,6.38,77.6,5.32,1195.32,NA,8.87,4.3,95.82,52.21,-2.89,67.7
"40745",1995,3,128.67,2.7,2.53,8.15,14.73,2.26,903.86,1018.64,7.46,70.26,NA,1576.33,3.03,11.48,3.78,94.87,43.55,-0.48,52.6
"40745",1995,4,151.96,2.83,9.67,15.48,21.79,8.08,901.6,1012.86,11.06,65.14,NA,1782.7,3.65,18.41,4.93,90.53,42.27,6.33,33.9
"40745",1995,5,133.59,3.42,12.67,20.41,27.56,8.3,903.4,1012.87,11.37,47.95,NA,2384.48,7.97,25,2.6,67.81,32.94,7.06,6.3
"40745",1995,6,154.17,3.6,17.53,25.63,32.83,12.18,898.94,1005.77,14.48,45.31,10.86,2835.87,9.75,34.38,2.26,62.83,32.57,12,5
"40745",1995,7,116.05,3.61,21.75,29.32,36.1,15.28,896.51,1001.49,17.72,43.27,12.11,3151.29,12.6,42.26,0.81,55.58,33.84,16.42,0
"40745",1995,8,115.4,3.31,19.51,27.49,35.05,14.14,899.28,1005.32,16.54,44.72,12.02,2507.83,11.86,38.37,0.19,57.97,34.65,14.74,0
"40745",1995,9,113.17,2.68,13.04,21.09,28.9,6.67,902.51,1011.65,10.19,42.88,9.98,2057.53,7.29,26.61,1.35,59.83,28.83,8.2,26
"40745",1995,10,111.45,2.2,6.5,13.63,21.46,2.81,907.12,1019.98,8.1,51.23,8.8,1544.84,3.68,17.08,1.6,73.68,31.9,3.06,3
"40745",1995,11,112,1.91,3.68,11.01,19.62,0.7,905.06,1018.77,6.71,52.05,8.1,1238.57,NA,14.45,1.72,73.13,33.37,-1.33,1.1
"40745",1995,12,70.08,1.37,-1.74,2.74,8.3,-3.56,907.97,1025.76,4.86,67.94,4.47,815.32,NA,7.78,4.14,86.77,46.63,-5.55,6.2
"40745",1996,1,81.33,1.38,-3.65,0.99,6.62,-4.69,907.55,1026.1,4.52,69.15,5.4,1996.74,NA,7.21,3.62,90.06,45.87,-7.94,10.6
"40745",1996,2,99.57,2.41,-1.58,2.98,8.77,-2.56,904.26,1021.43,5.35,70.9,4.06,1413.17,NA,8.18,4.95,93.14,48.1,-4.31,19.9
"40745",1996,3,110.32,2.63,3.21,6.57,11.21,2.58,902.59,1017.92,7.63,78.17,3.78,1088.94,NA,10.25,6.2,95.52,55.9,1.77,87.9
"40745",1996,4,120.12,3.1,7.26,12.93,19.67,4.13,903.77,1016.47,8.79,59.41,5.44,1547.17,4.36,16.06,4.64,85.9,36.2,4.27,34.6
"40745",1996,5,115.69,2.69,13.41,20.15,26.5,6.35,903.25,1012.9,10.1,43.89,8.72,2023.48,6.36,24.85,4.05,65.19,28.13,9.19,13.6
"40745",1996,6,126.04,3.8,18.51,25.82,32.47,9.79,900.08,1007.03,12.52,38.29,10.88,2299.37,11.32,34.65,1.48,53.87,26.17,13.43,5
"40745",1996,7,155.28,4.34,20.98,28.18,34.37,11.58,899.54,1005.48,13.86,36.09,12.26,2435.77,12.76,39.35,1.06,46.1,28.13,15.42,0
"40745",1996,8,131.33,3.7,17.44,25.43,32.75,8.65,901.15,1008.4,11.72,35.27,12.04,2213.61,11.39,34.32,0.32,47.42,26.35,12.27,0
"40745",1996,9,114.62,2.86,15.19,23.28,31.51,9.75,900.81,1008.83,12.55,44.9,10.36,1878.72,7.31,30.42,0.81,60.6,31.13,10.07,2.1
"40745",1996,10,123.31,2.76,7.95,14.58,22.2,3.42,906,1018.26,8.24,52.1,8.26,1345.77,4.18,17.73,2.38,76.42,32.68,3.45,13.7
"40745",1996,11,67.29,1.42,1.39,7.25,14.21,-0.56,910.25,1026.26,6.03,61.02,7.82,1093.8,2.46,10.88,2,86.24,35.72,-3.53,11.7
"40745",1996,12,126.41,1.73,0.28,5.79,13.01,-1.77,907.49,1023.84,5.51,62.37,5.99,886.9,20,9.82,3.14,86.77,35.97,-4.39,10.1
"40745",1997,1,57.86,1.25,-0.89,3.44,9.27,-1.85,904.11,1021.01,5.45,72.58,4.92,861.71,NA,8.2,3.94,93.74,47.68,-4.9,34.1
"40745",1997,2,108.66,2.53,-2.13,3.28,10.26,-4.07,904.9,1022.05,4.75,63.85,6.82,1034.89,NA,8.24,3.18,92.54,35.5,-6,11.3
"40745",1997,3,127.46,3.1,2.13,7.16,13.32,0.72,900.88,1015.75,6.65,68.55,5.18,1043.35,NA,10.86,5.14,92.34,42.48,0.1,37.9
"40745",1997,4,124.96,3.37,9.7,15.48,21.78,5.59,900.75,1012.01,9.49,56.19,7.01,1661.7,5.3,18.75,4.3,85.4,33.43,6.43,17
"40745",1997,5,107.06,2.86,13.22,19.85,26.39,8.25,902.96,1012.65,11.2,51.38,9.1,2016.35,6.78,24.66,3.3,77.84,31.42,9.55,52
"40745",1997,6,137.46,3.59,19.15,26.36,33.65,11.8,898.67,1005.17,14.08,43.29,9.95,2259.57,10.08,35.71,2.97,68,26.67,14.93,14
"40745",1997,7,109.48,3.83,20.92,29.06,35.98,11.37,897.06,1002.4,13.77,34.3,12.5,2468.77,12.36,41.65,0.73,44.65,26.74,15.61,0.2
"40745",1997,8,124.72,3.6,18.19,26.64,34.4,9.65,900.16,1006.82,12.38,35.08,12.24,2364.06,10.98,36.56,0.11,46.45,26,13.06,0
"40745",1997,9,131.04,2.9,14.1,21.46,29.27,4.54,904.41,1013.72,8.81,35.16,10.44,1894.5,8.13,27.17,0.35,51.33,20.87,9.3,0
"40745",1997,10,136.77,2.27,10.55,17.56,25.55,4.21,905.22,1016.16,8.65,45.33,7.81,1242.32,5.67,21.3,2.15,66.74,26.84,6.71,14
"40745",1997,11,93.25,1.74,2.72,7.66,13.81,1.75,907.97,1023.45,7.23,68.71,5.86,788.45,1.99,11.19,3.73,88.1,47.57,-0.23,24.6
"40745",1997,12,124.84,1.82,0.19,4.6,9.63,-0.47,905.1,1021.61,6.02,72.99,4.58,616.14,NA,8.88,3.98,94.13,51.13,-2.55,34.1
"40745",1998,1,146.94,2.33,-1.76,1.78,6.44,-2.17,903.21,1020.77,5.32,77.57,3.45,1322,NA,7.18,4.79,96.94,52.45,-3.61,24
"40745",1998,2,158.97,2.81,-3.45,1.18,6.06,-3,904.46,1022.47,5.12,77.25,4.46,NA,NA,7.3,4.94,95.93,57.5,-4.57,129.6
"40745",1998,3,167.94,3.21,2.9,8.44,14.68,0.59,902.13,1016.7,6.62,63.31,6.11,NA,NA,12.29,4.59,88.16,41.06,1,34.1
"40745",1998,4,141.79,2.9,10.6,16.61,22.54,7.5,901.89,1012.75,10.64,59.41,7.21,NA,5.43,20.23,4.26,83.17,38.4,7.33,93
"40745",1998,5,168.23,3.41,12.94,19.17,25.21,8.06,903.04,1013.01,11.23,51.89,8.51,NA,6.76,23.54,3.5,77.26,34.48,9.84,32.1
"40745",1998,6,151.38,3.87,18.16,26.07,32.55,9.1,901.34,1008.4,11.77,35.37,12.48,NA,11.44,35,1.27,49.47,26.1,13.8,2
"40745",1998,7,148.83,3.75,20.67,28.42,35.15,10.93,897.82,1003.52,13.28,34.5,12.05,NA,12.18,40.09,1.38,48.29,25.87,16.03,7.1
"40745",1998,8,161.13,3.61,19.5,26.77,33.81,9.99,900.9,1007.58,12.55,36.42,11.22,6409,11.62,36.3,1.48,50.87,25.74,15.94,5.3
"40745",1998,9,156.33,3.01,14.02,21.93,29.85,6.99,902.96,1011.83,10.37,39.12,10.41,1985.83,8.47,27.84,0.8,52.03,29.3,9.07,0.2
"40745",1998,10,157.22,2.67,7.65,14.87,23.46,1.56,907.09,1019.45,7.5,46.05,8.56,1397.65,4.58,18.53,1.82,72.58,26,3.06,7.4
"40745",1998,11,130.88,2.07,4.67,11.15,19.11,0.99,907.41,1021.31,6.74,55.52,6.91,1196.03,3,14.21,2.55,84.67,32.37,0.3,2.2
"40745",1998,12,154.56,1.99,1.95,7.43,14.83,-0.27,908.8,1024.57,6.14,63.9,4.76,NA,1.54,10.91,4.3,88.61,41.03,0.33,9.6
"40745",1999,1,148.55,2.25,-1.06,3.19,8.65,-1.17,905.8,1023.03,5.86,77,4.33,NA,NA,8.03,4.56,97.52,48.29,-3.16,57
"40745",1999,2,173.12,2.62,2.6,8.54,15.38,-0.67,902.72,1017.25,6.06,58.43,6.76,558,NA,11.73,3.38,89.63,32.67,0.82,25.6
"40745",1999,3,168.39,2.87,3.45,7.59,12.67,1.49,903.03,1017.94,7.13,70.42,4.83,1136.97,3.44,11.09,5.02,92.1,47.5,2.65,99.1
"40745",1999,4,168.88,3.54,7.51,13.64,20.12,3.13,903.58,1016.02,8.07,54.25,8.4,1910.04,4.61,16.52,4.07,82.27,32.17,5.23,18.5
"40745",1999,5,167.74,3.39,12.34,19.75,27,4.79,902.3,1012.05,9.03,42.2,10.45,2160.87,7.36,24.34,2.11,65.94,25.81,7.29,9
"40745",1999,6,159.83,3.64,18.18,26.34,34.03,5.97,898.89,1005.65,9.6,28.03,12.04,2518.07,9.49,35.76,1.13,39.03,20.2,12.6,0.6
"40745",1999,7,155.81,3.8,19.53,26.72,33.59,10.85,897.81,1004.13,13.14,38.27,11.29,2346.1,10.59,36.32,1.98,52.39,28.61,16.4,3.4
"40745",1999,8,152.78,3.76,19.11,28.02,35.77,10.4,899.12,1005.1,12.97,33.96,12.24,2371.16,12.02,39.5,0.44,43.19,26.77,14.19,5
"40745",1999,9,161.96,3.14,13.47,21.32,29.35,9.2,902.46,1011.43,12.11,47.93,10.99,1978.47,6.73,26.97,0.76,66.5,33.8,9.03,0.3
"40745",1999,10,162.06,2.71,8.41,16.02,24.34,5.96,905.35,1016.9,9.55,55.08,8.68,1368.59,4.35,19.43,1.77,79,35.68,3.9,3.2
"40745",1999,11,165.88,2.66,2.86,7.63,13.62,2.78,906.28,1021.5,7.65,75.72,4.31,785.9,1.86,11.01,4.71,97.53,51.73,0.63,12.8
"40745",1999,12,166.94,2.26,0.61,6.51,13.9,-0.71,908.68,1024.85,5.99,66.04,5.8,793.9,NA,10.22,3.22,90.84,37.68,-1.9,3.8
"40745",2000,1,159.11,2.51,-1.92,3.51,10.19,-4.53,903.73,1020.6,4.54,62.19,5.42,823.84,NA,8.6,3.62,84.42,38.19,-3.77,17.5
"40745",2000,2,170.22,2.6,-0.79,4.19,10.56,-1.74,904.03,1020.61,5.56,71.1,6.14,1124.78,NA,8.66,3.62,96.41,39.17,-2.89,28.9
"40745",2000,3,161.85,2.8,2.63,9.09,15.78,-1.54,902.8,1017.15,5.67,54.65,6.57,1335.56,NA,12.66,3.79,84.42,31.68,-0.74,31.7
"40745",2000,4,160.08,3.13,11.58,19.54,27.27,4.37,901.38,1011.16,8.65,39.04,8.43,702.43,6.63,24.2,3.44,61.03,23.41,6.87,3.9
"40745",2000,5,149.88,3.81,15.25,23.27,31.07,5.75,900.39,1008.49,9.56,34.55,10.69,948.24,9.5,30,1.92,48.87,23.87,10.81,0
"40745",2000,6,155.25,3.69,17.14,25.19,32.41,6.83,899.53,1006.78,10.25,33.34,12.4,1088.6,10.52,33.84,0.79,45.97,23.93,13.14,3.5
"40745",2000,7,136.05,4.03,19.96,27.77,34.66,9.62,899.08,1005.21,12.25,32.39,12.76,1086.63,12.07,38.62,0.54,41.32,25.35,14.81,0
"40745",2000,8,103.06,3.05,18.74,26.93,34.47,6.55,900.03,1006.65,10.22,28.99,12.01,1052.23,11.07,37.03,0.44,41.39,19.1,12.84,0
"40745",2000,9,93.38,2.23,15.67,22.8,30.5,4.89,902.12,1010.6,8.99,34.71,9.82,2038.33,7.28,29.18,1.2,53.23,18.8,10.3,2.4
"40745",2000,10,120.44,2.33,8.5,14.39,21.25,3.14,907.18,1019.69,7.83,50.87,7.77,1541.07,3.95,17.17,2.73,76.52,31.06,3.8,10.1
"40745",2000,11,123.75,1.81,1.99,6.62,12.27,-1.05,909.16,1025.29,5.85,62.85,5.89,1196.53,2.27,10.18,3.63,85.93,36.87,-2.4,32.8
"40745",2000,12,113.23,1.59,1.14,5.47,10.85,-0.11,906.18,1022.44,6.26,72.38,4.39,1000.82,NA,9.29,4,96.58,42.13,-3.1,38.1
"40745",2001,1,108.55,1.59,-4.24,0.39,6.15,-5.34,907.74,1026.59,4.31,71.14,4.67,1190.23,20.1,6.94,3.87,95.16,44.94,-8.32,29.5
"40745",2001,2,129.46,2.21,-0.56,5.23,11.92,-5.34,903.93,1020.16,4.45,54.88,7.05,1603.04,NA,9.29,3.01,87,25.57,-4.57,3.1
"40745",2001,3,137.38,2.79,4.84,11.29,18.45,-0.18,902.7,1016.07,6.29,52.46,6.72,1683.94,NA,14.35,3.68,82.81,28.26,1.35,29.9
"40745",2001,4,138.96,2.72,11.25,18.54,26.15,4.36,901.77,1011.94,8.56,43.58,8.68,2025.66,6.83,22.8,3.17,70.57,24.63,5.6,3.8
"40745",2001,5,137.3,3.06,16.49,24.76,32.25,4.23,899.59,1007.09,8.55,28.93,10.47,2458,11.1,32.76,2.11,44.52,17.97,11.23,7
"40745",2001,6,104.29,3.24,18.83,27.17,34.54,6.4,898.36,1004.74,9.88,27.8,11.75,2624.93,13.04,37.74,1.25,38.3,20.13,13.3,0
"40745",2001,7,109.8,3.46,20.37,27.71,34.55,6.84,898.89,1005.1,10.13,27.19,11.94,2674.97,11.27,38.43,0.94,34.81,21.19,14.97,0
"40745",2001,8,118.63,2.88,18.67,26.99,34.71,6.93,900.5,1007.19,10.18,28.92,11.07,2469.87,10.4,37.43,0.63,40.06,21.16,13.13,0.1
"40745",2001,9,130.54,2.72,13.69,21.67,30.07,3.86,903.29,1012.4,8.6,31.85,10.23,2198,7.1,27.69,0.71,42.1,23.9,8.43,0
"40745",2001,10,131.49,2.36,8.41,14.99,22.89,3.84,906.14,1018.24,8.54,52.12,7.85,1714.58,4.48,18.4,2.08,80.03,30.9,4.1,0.4
"40745",2001,11,118.92,1.91,5.07,10.89,17.89,-0.49,905.44,1019.27,6.27,52.99,5.6,1327.33,2.64,14.33,3.45,82.77,27.9,0.87,22.9
"40745",2001,12,103.51,1.51,1.22,6,11.55,0.2,907.11,1023.27,6.46,72.11,3.63,1133.29,3.4,9.95,4.47,94.42,44.71,-0.87,46.9
"40745",2002,1,117.34,1.81,0.12,4.27,9.68,-2.49,905.71,1022.49,5.38,67.25,4.36,1411.96,NA,8.6,4.15,95.19,38.32,-3.53,25.6
"40745",2002,2,160.76,2.82,0.81,5.78,12.29,-3.9,904.32,1020.31,4.87,59.34,5.58,1729.12,NA,10.33,3.74,89.18,33.11,-1.29,14.6
"40745",2002,3,144.92,2.62,4.67,11.44,18.88,-2.54,902.79,1016.15,5.53,47.06,6.51,2198.48,3.74,15.4,3.3,78.42,23,0.87,47.4
"40745",2002,4,156.21,2.96,9.79,14.81,20.83,5.51,900.27,1011.72,9.39,61.25,5.73,2249.27,4.09,19.49,5.3,90.2,35.73,6.63,31.9
"40745",2002,5,157.46,3.15,13.1,19.44,25.98,6.3,901.37,1011.12,9.99,49.48,8.76,2822.71,6.06,25.44,3.27,76.03,28.61,9.9,49.5
"40745",2002,6,135.62,3.6,18.22,26.46,33.92,4.9,898.35,1005.04,8.86,26.35,11.52,3210,11.72,35.92,1.32,38.77,17.33,13.2,3
"40745",2002,7,137.98,3.14,19.21,27.63,34.73,3.22,899.42,1005.83,8.06,22.27,12.11,2908.48,10.57,38.59,1.18,33.52,14.39,14,14
"40745",2002,8,147.22,3.14,19.2,27.47,35.3,2.61,898.94,1005.35,7.64,21.1,11.84,2647.16,10.78,38.46,0.52,29.9,14.32,14.13,0
"40745",2002,9,140.75,2.39,13.73,22.64,31.06,0.55,903.97,1012.87,6.67,24.33,11.08,2375.97,8.53,29.01,0.21,35.47,16.07,8.27,0
"40745",2002,10,155.48,2.31,10.96,18.73,27.09,2.93,905.68,1016.26,7.87,38.41,8.75,1901.84,5.06,23.5,1.28,60.29,22.84,5.48,1
"40745",2002,11,150.79,2.09,4.44,9.66,16.25,2.06,907.71,1022.28,7.52,66.2,5.27,1717.03,1.89,12.82,3.61,93.37,40,0.53,22.4
"40745",2002,12,153.31,2.4,-3.01,1.1,6.8,-2.69,905.96,1024.2,5.33,81.11,4.22,1418.16,NA,6.9,4.27,95.39,59.29,-6.26,20.3
"40745",2003,1,145.28,2.18,-1.96,2.43,8.23,-1.98,905.28,1022.83,5.39,76.65,4.39,1465.03,NA,7.82,3.86,95.87,54.61,-5.07,29.8
"40745",2003,2,164.6,2.92,1.1,5.42,11.29,0.55,901.52,1017.19,6.48,74.14,4.66,1601,NA,9.46,4.73,93.79,52.07,-1.11,31
"40745",2003,3,171.65,3.32,3.62,8.43,14.71,2.79,902.68,1017.18,7.8,71.58,4.72,1735.71,2.76,11.92,4.85,92.87,46.94,1.35,37.2
"40745",2003,4,157.88,3.19,9.08,14.28,20.58,7.19,903.21,1015.23,10.44,67.51,4.85,2040.83,4.06,18.21,5.2,87.93,46.53,6.4,59.5
"40745",2003,5,160.52,2.89,11.05,17.9,24.65,7.83,903.38,1013.94,10.91,55.35,8.7,2495.94,5.55,21.86,2.96,84.35,35.32,6.84,42.1
"40745",2003,6,153.21,3.44,16.48,24.22,31.31,10.2,899.6,1007.09,12.7,42.85,10.89,2748.07,9.53,31.73,1.67,60.27,31.03,11.63,0.5
"40745",2003,7,150.73,3.55,21.07,28.74,35.79,13,897.51,1002.96,15.26,38.5,12.12,2886.97,12.12,40.93,0.71,48.84,30.03,16.19,0
"40745",2003,8,143.55,3.52,18.3,26.81,34,11.65,900.6,1007.16,13.94,39.33,11.97,2831.71,11.37,36.56,0.62,50.42,30.77,13.74,0
"40745",2003,9,152.96,3.03,13.69,21.52,29.08,8.8,903.26,1012.27,11.77,45.28,10.57,2420.41,8.37,27.36,0.55,58.33,35.1,9.43,0
"40745",2003,10,166.17,2.5,9.6,18.02,26.94,4.23,904.8,1015.55,8.67,42.33,8.62,2017.32,5.7,22.06,1.59,61.77,28.16,7.29,1.4
"40745",2003,11,157.54,2.48,2.99,8.19,14.65,1.72,907.39,1022.55,7.16,67.57,5.69,1595.5,2.96,11.63,3.49,91.33,41.9,0.14,45.8
"40745",2003,12,160.93,2.27,-0.73,3.72,9.36,-0.93,907.9,1025.19,5.92,74.84,4.37,1585.13,NA,8.52,3.74,95.97,50.87,-4.74,16.9
"40745",2004,1,164.4,2.16,1.22,5.26,10.22,1.19,902.2,1018.02,6.8,77.97,4.48,1415.53,NA,9.22,4.25,96.29,55.65,-1.9,54.3
"40745",2004,2,160.78,2.9,2.53,8.46,15.09,1.19,903.41,1018.04,6.81,65.65,7.26,1913.63,NA,11.82,2.81,92.52,39.45,-1.07,10.6
"40745",2004,3,156.98,2.84,4.46,10.16,16.41,4.05,905.98,1020.16,8.33,70.05,5.12,1876.4,4,13.65,4.46,91.68,49.81,0.39,56.6
"40745",2004,4,170.42,3.23,7.09,12.91,19.09,6.24,902.8,1015.32,9.83,68.4,6.67,2138.33,4.4,16,4.45,91.27,47.2,3.7,56.5
"40745",2004,5,116.21,2.23,14.36,21.59,28.29,8.3,899.77,1008.38,11.45,46.6,9.15,2386.58,7.34,26.93,2.92,70.06,28.61,9.42,23.7
"40745",2004,6,91,2.54,18,26.32,33.57,3.42,899.68,1006.62,8.23,25.75,12.42,2876.72,10.56,35.9,0.64,44.73,14,11.4,0
"40745",2004,7,112.42,2.73,20.43,27.1,33.66,9.26,899.16,1005.55,11.91,34.75,11.3,NA,10.86,37.09,1.94,51.77,20.19,15.23,5
"40745",2004,8,107.94,2.56,18.8,26.78,34.29,2.86,899.34,1006.04,7.86,23.23,12.14,NA,11.62,36.65,0.25,36.97,12.35,12.45,0
"40745",2004,9,90.92,1.85,13.69,21.79,29.61,0.31,904.77,1014.09,6.6,26.05,10.52,NA,8.35,27.58,0.63,41.97,14.3,7.7,0.4
"40745",2004,10,85.89,1.48,7.48,14.71,22.75,0.83,908.11,1020.67,6.88,44.81,8.09,NA,4.67,18.06,1.73,68.48,24.55,3.42,6.9
"40745",2004,11,81.12,1.34,5.61,11.2,17.61,3.2,905.26,1018.83,7.92,61.88,6.05,NA,2.49,14.04,3.23,81.77,41.67,1.5,16.7
"40745",2004,12,74.84,1.21,-0.35,3.65,8.72,-1.22,905.61,1022.63,5.68,73.01,4.21,NA,NA,8.24,4.47,89.71,53.68,-4.13,56
"40745",2005,1,110.6,1.46,-0.41,3.18,8.02,-1.53,904.05,1021.07,5.53,72.76,4.7,NA,NA,7.77,4.23,88.65,51.58,-4.97,20.8
"40745",2005,2,105.8,1.71,-1.19,2.83,7.8,-3.07,903.96,1021.21,5.03,68.6,4.72,NA,NA,7.83,4.62,85.07,48.75,-6.32,22.1
"40745",2005,3,93.06,1.69,6.19,11.32,16.65,4.4,901.18,1014.23,8.65,66.08,5.76,NA,3.45,14.32,4.88,85.06,46.55,1.03,96.5
"40745",2005,4,92.92,1.91,9.39,15.53,21.4,4.26,904.76,1016.56,8.65,51.09,8.21,NA,5.39,19.94,3.42,72.07,32.73,3.13,8.6
"40745",2005,5,106.65,1.89,13.61,19.85,25.59,6.99,902.08,1011.68,10.28,46.42,8.36,2111,6.44,24.37,3.45,68.8,28.23,7.86,43.1
"40745",2005,6,111.92,2.5,18.91,26.06,32.6,8.1,899.14,1005.96,11.1,35.18,10.92,1111,10.37,35.4,1.7,55.53,20.3,12.17,8
"40745",2005,7,101.05,2.8,21.38,29.04,35.64,6.24,898.44,1004.13,9.87,25.81,12.43,NA,12.31,41.44,0.68,41.55,14.97,15.32,0.2
"40745",2005,8,123.39,2.54,18.85,25.95,32.48,5.2,899.52,1006.49,9.22,28.19,11.51,NA,10.32,34.84,0.85,42.58,17.1,12.71,5.3
"40745",2005,9,85.04,1.9,15.23,23.34,30.85,2.18,902.84,1011.29,7.47,27.12,10.94,NA,8.97,30.02,0.16,43.63,14.83,9.43,0
"40745",2005,10,96.98,1.73,8.89,16.21,23.85,-0.19,907.28,1019.14,6.24,36.88,8.71,NA,5.77,19.85,0.94,57.48,21.58,4.13,0
"40745",2005,11,82.08,1.17,3.95,8.86,14.77,0.75,907.85,1022.83,6.73,61.08,6.36,NA,2.53,11.7,2.97,81.97,40.83,-0.3,27.7
"40745",2005,12,81.33,1.08,1.4,6.28,12.45,-0.77,907.54,1023.62,5.99,63.67,5.87,NA,NA,9.98,2.83,83.26,41.77,-3.23,1.9
"40745",2006,1,68.75,1.11,-4.39,-0.8,3.69,-5.56,906.06,1025.23,4.26,73.61,3.62,703.77,NA,6.02,4.3,87.52,57.97,-8,49.1
"40745",2006,2,95.71,1.55,3.52,8.33,13.77,1.08,903.64,1018.4,6.8,64.19,4.82,1083.04,NA,11.71,4.35,85.79,41.89,-0.61,11.6
"40745",2006,3,104.03,2.03,5.84,10.63,16.17,3.02,902.19,1015.65,7.75,63.82,6.23,1518.45,4.72,13.46,4.42,84.23,42.13,2.84,34.5
"40745",2006,4,116.25,2.26,10.93,17.56,24.17,4.81,901.75,1012.31,8.97,47.51,9.11,2203.97,6.34,21.41,3.33,70.87,28.03,7.07,38.2
"40745",2006,5,120.4,2.65,16.69,23.39,29.85,6.71,902.44,1010.73,10.01,36.69,10.61,2539.94,9,29.79,2.47,54.97,22.45,12.29,7
"40745",2006,6,108.62,2.93,19.63,27.84,34.53,3.37,900.8,1007.31,8.23,22.3,12.88,2876.47,12.58,38.94,0.46,34.7,13.07,14.23,0
"40745",2006,7,85.56,2.87,20.75,28.1,34.7,4.97,898.57,1004.64,9.12,25.02,12.35,2806.41,12.44,39.37,0.55,38.13,15.06,15.97,5
"40745",2006,8,89.88,2.75,19.2,27.68,35.14,0.62,899.74,1006.24,6.64,18.72,12.2,2685.1,12.4,38.84,0.08,31.06,9.26,13.45,0
"40745",2006,9,96.29,2.13,13.73,21.15,28.79,0.37,903.41,1012.79,6.89,29.1,10.31,2537.5,8.78,26.51,0.9,45.23,16.2,9.07,0
"40745",2006,10,93.51,1.51,13.01,19.74,27.01,6.05,905.7,1015.81,9.58,44.11,7.95,1729.19,5.03,24.03,2.42,64.61,26.16,8.87,1.8
"40745",2006,11,97.54,1.59,5.12,9.9,16.12,1.52,904.89,1019.04,6.97,61.39,5.97,1455.29,2.81,13.82,3.68,81.13,40.9,1.33,19.4
"40745",2006,12,82.22,1.17,-0.72,2.71,6.99,-1.82,907.45,1025.12,5.45,73.87,3.74,1438.29,NA,7.64,4.55,90.52,54,-3.81,43.9
"40745",2007,1,76.9,1.23,-1.74,2.88,8.11,-3.1,907.15,1024.85,4.96,68.58,5.35,2859.73,NA,8.15,2.92,85.45,48.58,-5.74,15.3
"40745",2007,2,87.86,1.71,1.51,5.59,10.46,-0.2,902.44,1018.12,6.22,69.56,4.89,1533.14,NA,9.76,4.68,87.21,50.14,-1.46,43.8
"40745",2007,3,110.36,1.91,3.37,7.48,12.37,3.03,902.13,1016.97,7.85,76.01,4.9,1765.32,2.92,10.92,5.03,93.74,56.26,0.97,114
"40745",2007,4,117.83,2.24,11.81,17.3,23.38,8.73,901.92,1012.52,11.49,60.52,8.11,2455,4.95,20.74,4.27,81.87,39.67,8.27,12.1
"40745",2007,5,103.95,2.22,14.24,21.52,27.65,5.4,903.85,1013.06,9.36,39.02,10.05,2884.19,7.59,27.09,2.64,60.39,24.26,9.9,24.1
"40745",2007,6,95.75,2.45,19.2,26.37,33.13,7.43,898.06,1004.65,10.84,34.26,11.13,3068.07,9.49,35.74,1.45,51.77,19.07,14.1,8.1
"40745",2007,7,87.26,2.84,21.11,28.14,34.49,6.83,898.36,1004.35,10.21,27.49,12.41,2834.8,11.52,39.22,0.87,41.71,16.94,16.23,0
"40745",2007,8,89.03,2.48,18.25,26.58,33.79,2.41,899.68,1006.53,7.47,22.36,12.35,2652.74,11.17,36.25,0.25,37.13,11.61,12.71,0
"40745",2007,9,93.46,2.03,13.61,21.41,29.07,0.56,903.65,1012.95,6.97,27.79,11.12,2249.26,8.96,27.19,0.28,46.72,14.03,7.7,6
"40745",2007,10,88.67,1.46,5.98,13.7,21.6,-5.19,909.43,1022.69,4.42,30.04,9.43,1596.77,5.19,16.78,0.91,49.06,15.84,0.06,0
"40745",2007,11,76.62,1.36,5.21,11.11,18.21,-0.67,905.06,1018.72,6.15,51.56,6.61,1024.7,3.13,14.15,2.61,71.27,32.27,0.47,14.2
"40745",2007,12,78.06,1.23,-0.38,2.94,7.48,-1.07,906.72,1024.21,5.87,77.08,4.45,782.23,NA,7.96,4.19,93.48,56.16,-3.68,26.8
"40745",2008,1,59.35,0.97,-11.71,-7.29,-1.92,-10.37,907.76,1030.28,3.04,79.04,4.71,897.35,NA,3.91,3.08,90.16,64.03,-15.61,25
"40745",2008,2,92.33,1.48,-3.87,0.68,6.29,-4.5,908.13,1026.96,4.61,71.27,6.5,1657.96,NA,7.21,3.11,87.1,51.79,-7.34,23.6
"40745",2008,3,105,1.92,7.61,14.62,21.97,-0.74,901.42,1013.28,5.98,40.4,7.34,3731,5.92,17.94,2.98,63.16,20.68,3.1,4
"40745",2008,4,106,1.79,10.88,17.74,24.43,3.27,901.1,1011.56,7.93,43.58,7.55,4755,6.06,21.73,3.41,66.27,25.33,6.97,22.4
"40745",2008,5,107.58,2.46,16.26,22.77,29.9,7.2,899.55,1007.69,10.4,41.06,9.2,2271.97,8.65,29.04,3.01,62.68,23.32,12.52,21.8
"40745",2008,6,106.21,2.97,20.03,26.96,33.63,4.07,898.02,1004.48,8.68,25.67,11.73,2847.93,12.14,36.74,1.29,41.97,14.37,15.9,0.3
"40745",2008,7,109.72,2.94,21.4,28.83,35.41,2.03,897.08,1002.8,7.61,20.64,11.98,2923.33,13.06,40.99,1,36.16,9.58,17.06,0
"40745",2008,8,118.67,2.88,19.09,26.98,34.28,-2.1,899.41,1006.14,5.83,17.34,11.91,2652.68,12.35,37.17,0.19,32.74,6.52,13.07,0
"40745",2008,9,100.58,2.04,14.62,22.14,29.85,-0.97,902.06,1010.93,6.1,24.13,9.95,2118.43,8.3,27.94,1.16,40.4,11.37,9.83,0
"40745",2008,10,105.56,1.78,9.59,15.49,22.45,2.32,907.4,1019.5,7.42,45.49,7.89,1726.77,4.52,18.75,2.16,69.26,26.65,5.45,0.7
"40745",2008,11,67.04,1.08,2.26,7.47,13.62,-1.85,908.92,1024.73,5.62,55.1,5.95,991.97,2.47,11.05,2.98,73.83,36.6,-2.27,10.2
"40745",2008,12,65.6,1.02,0.58,4.05,8.74,-0.81,907.04,1024.03,5.88,72.76,4.01,678.97,NA,8.52,4.52,86.84,53.97,-2.19,13.3
"40745",2009,1,76.81,1.28,-1.47,2.89,8.34,-1.78,905.54,1022.93,5.45,73.29,4.68,895.39,NA,7.87,3.95,88.03,52.65,-4.45,33.5
"40745",2009,2,127.77,2.03,2.11,7.18,12.92,0.22,901.71,1016.66,6.33,64.35,5.61,1158.79,NA,10.64,4.14,87.11,40.68,-0.82,29.3
"40745",2009,3,114.72,2.09,6.06,11.42,17.65,2.81,900.9,1013.87,7.66,61.75,6.15,1496,3.82,14.43,4.09,85.06,39.39,3,73.1
"40745",2009,4,126.79,2.62,7.01,11.41,16.26,6.11,902.14,1015.24,9.61,72.03,4.87,1529.93,3.4,14.1,5.38,89.13,55.03,5.37,79.9
"40745",2009,5,114.48,2.17,15,20.72,27.18,11.3,901.78,1010.84,13.68,57.67,8.79,2264.84,6.16,25.45,3.82,79.26,38.42,11.42,24.4
"40745",2009,6,127.75,3.03,17.31,24.73,31.59,6.4,901.63,1009.31,9.89,33.1,11.91,2813.5,11.21,32.48,1.5,50.77,20.87,12.43,0.1
"40745",2009,7,86.73,2.57,20.12,28.01,35.32,6.11,897.04,1002.95,9.86,27.58,11.57,2676.61,12.15,39.3,0.86,44.68,14.55,15.48,4
"40745",2009,8,104.52,2.84,19.95,26.44,33.21,7.48,900.17,1006.97,10.64,32.22,11.33,2483.33,11.07,35.71,1.16,47.68,19.32,15.9,0.1
"40745",2009,9,110,2.39,13.95,21.32,28.94,4.52,902.35,1011.45,9.1,37.42,10.12,2115,7,26.56,1.25,56.9,20.93,10.03,21.1
"40745",2009,10,102.54,1.62,7.23,14.92,22.96,-2.46,907.04,1019.45,5.39,33.54,9.29,1652.19,4.27,17.99,0.9,54.55,17.68,1.55,0
"40745",2009,11,112.21,1.84,3.54,8.79,15.72,-0.57,905.55,1020.27,6.21,56.68,6.24,1022.22,2.21,12.31,3.46,79.9,34.6,-1.62,12.3
"40745",2009,12,72.86,1.18,1.21,5.89,11.4,0.43,904.4,1020.27,6.36,70.52,5.22,825.77,NA,9.7,4.02,89.39,49.26,-2.16,14.4
"40745",2010,1,87.62,1.29,0.48,5.43,11.73,-1.52,905.45,1021.66,5.63,64.61,4.28,792.23,NA,9.57,4.64,83.32,43.68,-1.74,16.3
"40745",2010,2,118.66,2.05,0.84,5.25,11.06,-0.42,901.96,1017.84,6.35,69.75,4.54,1043.5,NA,9.75,4.94,88.89,49.04,-1.36,24.2
"40745",2010,3,111.98,1.98,5.89,11.39,17.81,3.63,904.2,1017.63,8.15,63.76,4.79,1365.97,NA,14.59,5.56,85.9,41,3.58,47.4
"40745",2010,4,120.79,2.47,11.06,16.58,23.61,6.06,902.71,1013.71,9.52,53.66,6.56,1814.3,4.6,19.86,4.69,75.3,33.77,8.07,22.1
"40745",2010,5,118.99,2.53,14.92,21.49,28.8,8.08,900.38,1009.12,11.14,47.32,8.23,2253.97,6.14,26.93,3.52,69.57,28.97,12.29,37.7
"40745",2010,6,153.92,3.82,19.27,27.95,35.48,1.69,898.98,1005.26,7.41,21.1,11.96,2839.03,10.89,39.37,1.15,37.17,10.62,14.9,4
"40745",2010,7,141.9,4.04,20.94,29.09,36.33,1.2,898.29,1004.06,7.07,18.09,12.38,2836.81,11.82,41.94,0.36,30.52,9.58,16.65,0
"40745",2010,8,155.2,3.69,18.24,26.82,34.52,0.16,900.25,1007.14,6.48,19.26,11.73,2583.06,10.44,36.85,0.46,32.65,9.9,13.9,0
"40745",2010,9,141.92,3.25,13.08,21.32,29.52,-2.4,903.63,1013.06,5.38,23.28,10.41,2196.41,7.4,27.12,0.7,40.5,11.17,8.37,2.5
"40745",2010,10,146.94,3.01,11.56,18.91,27.14,2.41,904.34,1014.71,7.67,36.81,8.88,1555.1,4.79,23.42,1.4,56.23,20.81,6.9,0.1
"40745",2010,11,91.62,1.52,3.23,10.2,18.81,-3.08,907.73,1022.15,5.14,44.55,7.93,1164.43,2.45,13.22,1.35,67.73,24,-1.23,8.7
"40745",2010,12,91.77,1.29,-0.7,6.34,15.8,-8.95,906.34,1022.38,3.42,37.29,7.74,1024.68,NA,10.38,1.39,58.55,18.9,-5.84,0
"40745",2011,1,137.54,2.05,-1.56,3.62,9.77,-4.62,904.89,1021.91,4.45,58.86,5.45,928.42,NA,8.31,3.71,79.19,37.74,-5.26,13.4
"40745",2011,2,149.69,3.34,-0.81,2.55,7.09,-2.25,900.97,1017.86,5.34,73.59,3.02,870.82,NA,7.74,5.86,90.32,55.18,-2.64,56.7
"40745",2011,3,130.52,3.03,3.51,8.85,15.46,-0.1,905.01,1019.73,6.33,59.08,6.06,1628.83,3.34,12.37,4.59,81.06,38.06,0.45,17.4
"40745",2011,4,146.62,3.58,10.32,17.53,25.24,0.73,901.9,1012.61,7.01,37.34,8.46,2003.81,6.45,21.52,3.05,58.13,19.47,6.53,7.1
"40745",2011,5,143.15,3.54,17.1,23.6,30.95,7.73,901.18,1009.17,10.9,40.49,9.26,2363.87,8.01,30.33,3.29,61.35,22.71,13.16,14.9
"40745",2011,6,142.08,3.8,20.36,27.89,35.45,5.82,897.48,1003.51,9.65,27.78,11.06,2623.07,10.53,38.99,1.4,44.83,14.8,15.8,6.9
"40745",2011,7,134.88,3.96,20.99,29.14,36.68,1.32,898.23,1003.99,6.92,17.81,12.51,2902.19,11.83,41.84,0.35,29.61,9.68,15.68,0
"40745",2011,8,118.79,3.9,20.38,27.93,35.42,2.94,898.93,1005.16,7.97,21.92,11.58,2514.94,11.41,39.62,0.43,33.55,12.68,15.9,0
"40745",2011,9,126,3.25,14.52,22.39,30.27,2.17,902.05,1010.79,7.45,29.03,10.51,2139.1,7.37,28.3,0.65,45.13,15.93,9.77,2
"40745",2011,10,133.67,2.87,9.51,15.53,22.65,2.3,904.65,1016.4,7.38,46.78,7.3,1379.03,4.15,19.15,2.68,66,29.45,5.68,28.6
"40745",2011,11,129.33,2.69,1.96,5.6,10.31,1.56,906.06,1022.22,7.09,77.7,3.22,740.23,1.5,9.64,5.39,91.77,61.83,0.37,56
"40745",2011,12,119.35,2.12,-2.66,2.09,8.71,-4.81,908.98,1027.18,4.47,64.35,5.13,859.23,NA,7.43,2.54,84.16,39.23,-5.9,1.5
"40745",2012,1,106.77,1.95,-3.6,0.81,6.9,-3.51,903.36,1021.36,4.83,75.47,4.76,948.03,20,6.86,2.76,90.9,55.94,-6.87,49.7
"40745",2012,2,178.19,3.62,-2.19,2.42,7.91,-4.95,903.16,1020.54,4.52,61.06,6.26,1317.97,NA,7.82,3.76,82.45,40.48,-5.03,36
"40745",2012,3,161.25,3.69,2.64,8.45,15.47,-1.3,900.98,1015.36,5.94,56.08,6.6,1597.19,4.52,12.16,3.76,79.87,32.84,-0.27,54.6
"40745",2012,4,138.38,2.75,11.51,17.79,24.28,5.65,901.54,1011.91,9.52,49.8,7.81,2348,5.12,21.08,3.59,70.9,30.7,7.47,44.1
"40745",2012,5,166.45,3.37,14.57,21.44,28.28,6.96,900.76,1009.59,10.38,43.35,9.14,2528.81,6.92,26.5,3.14,66.61,25.58,10.71,18.5
"40745",2012,6,176.67,3.96,18.86,26.47,33.35,3.91,899.55,1006.4,8.45,26.44,11.58,2633.18,10.65,35.77,1.59,44.03,14.67,14.13,9.9
"40745",2012,7,147.38,4.57,21.48,29.15,36.18,3.35,897.97,1003.65,7.99,20.46,12.12,2818.9,12.75,41.71,0.87,32.71,11.13,16.81,0
"40745",2012,8,139.88,4.04,19.24,27.73,35.32,1.16,899.21,1005.6,6.86,19.67,12.2,2638.61,11.52,38.62,0.11,33.77,9.81,14.48,0
"40745",2012,9,142.88,3.3,13.61,21.45,29.22,-0.72,903.61,1012.93,6.1,25.04,10.76,2217.93,7.61,26.68,0.41,40.97,13.33,8.6,0
"40745",2012,10,132.02,2.6,9.42,16.49,24.36,-0.44,906.49,1018.14,6.48,36.39,8.52,1534.06,4.71,19.97,1.97,55.39,20.77,4.65,16.6
"40745",2012,11,106.54,2.13,4.81,9.47,15.65,1.8,907.3,1021.93,7.37,62.55,5.86,964.9,2.25,12.59,3.85,82.57,40.4,1.93,15.6
"40745",2012,12,109.07,2.19,-1.17,3.57,9.93,-1.35,905.69,1022.76,5.79,73.28,4.92,834.67,NA,8.79,3.92,90.03,52.45,-4.07,72.8
"40745",2013,1,151.57,2.55,-1.09,4.35,11.29,-3.52,903.47,1019.97,4.9,60.1,6.19,1011.03,NA,8.97,2.69,82.65,37.45,-4.16,6.5
"40745",2013,2,152.95,3.25,2.81,7.33,13.59,1.01,904.17,1019.35,6.66,67.02,5.8,1159.07,NA,10.63,4.52,86.57,44.04,1.21,34
"40745",2013,3,150.95,3.33,6.02,10.94,17.73,2.85,901.92,1015.26,7.72,62.3,5.58,1469.23,NA,14.2,4.94,85.74,41.97,2.87,58.2
"40745",2013,4,131.75,3.3,8.28,14.5,21.11,2.59,902.56,1014.52,7.71,48.56,8.6,2155.13,5.26,17.26,3.29,69.9,29.57,5.1,28.1
"40745",2013,5,140.08,3.41,14.16,21.17,28.14,2.4,901.46,1010.61,7.75,33.25,10.07,2501.84,8,26.31,2.46,53.45,18.19,10.35,26.6
"40745",2013,6,128.33,3.88,19.72,26.85,33.89,3.32,897.5,1003.9,8.25,24.5,11.08,2698.33,10.83,36.46,1.78,39.8,13.47,15.73,0.4
"40745",2013,7,131.85,3.57,21.31,29.07,36.08,5.22,896.72,1002.23,9.23,23.83,12.34,2793.26,12.03,41.54,0.39,38.9,13,17.55,0
"40745",2013,8,134.35,3.48,18.95,25.99,32.99,4.22,899.65,1006.64,8.78,27.14,11.35,2496.42,9.88,34.73,0.93,42.84,15.42,15.26,2.8
"40745",2013,9,125.96,2.99,16.26,24.8,33.29,1.55,900.43,1008.05,7.34,25.73,10.64,2158.37,8.37,32.99,0.35,41.83,12.43,11.7,0
"40745",2013,10,142.98,2.63,8.9,15.12,22.47,0.94,906.52,1018.71,6.88,44.35,8.52,1521.97,4.18,18.84,1.44,62.74,26.39,5.16,26.4
"40745",2013,11,118.29,1.85,4.3,9.71,16.36,0.96,907.26,1021.82,6.8,58.78,5.87,973.07,2.27,12.65,3.48,82,36.97,1.4,3.2
"40745",2013,12,142.54,2.74,-1.19,3.26,9.65,-3.53,908.07,1025.58,4.94,64.44,5.09,829.19,NA,8.21,3.66,85.94,41.16,-4.77,7.1
"40745",2014,1,150.36,2.57,-0.02,4.7,11.05,-4.23,906.06,1022.72,4.61,56.85,5.11,889.06,NA,9.09,4.51,79.19,36.16,-4.38,4.9
"40745",2014,2,131.33,2.96,-4.55,1.04,7.52,-8.86,907.28,1025.91,3.36,53.45,6.68,1334.64,NA,7.44,3.17,75.68,32.25,-6.54,2.8
"40745",2014,3,152.67,3.61,4.03,9.01,14.94,0.05,902.69,1017.03,6.33,60.98,5.14,1426.14,4.9,12.52,5.06,85.45,38.77,0.44,73.6
"40745",2014,4,161.29,3.35,10.08,15.46,21.88,4.78,903.29,1014.9,8.99,54.91,6.73,1843.63,4.76,18.75,4.77,79.2,33.53,6.9,35
"40745",2014,5,179.76,3.53,15.95,23.13,30.14,1.53,900.93,1009.2,7.25,29.71,9.49,2417.77,8.42,29.51,3.25,49.32,14.97,12.07,22.4
"40745",2014,6,147.07,3.95,19.62,27.64,34.81,1.98,899.15,1005.57,7.54,22.55,11.61,2795.1,11.19,38.8,1.3,39.4,11.27,14.3,4.3
"40745",2014,7,130.19,4.18,20.8,28.39,35.52,-0.31,898.78,1004.85,6.25,17.19,12.61,2914.13,12.43,40.13,0.17,29.55,9.32,15.71,0
"40745",2014,8,143.06,3.58,19.38,27.82,35.48,-1.18,899.81,1006.33,5.72,16.97,12.17,2680.03,11.21,38.77,0.17,29.55,8.42,13.74,0
"40745",2014,9,136.83,3.5,15.97,23.75,31.8,-1.04,901.57,1009.77,6.24,23.05,10.37,2146.57,8.35,30.69,0.33,37.7,12.3,10.93,0
"40745",2014,10,140.36,3.03,8.48,14.19,21.27,2.17,907.01,1019.63,7.57,49.58,7.3,1354.55,3.96,17.49,2.95,72.58,30.26,4.68,16.9
"40745",2014,11,115.21,2.39,3.01,7.02,12.48,1.98,907.42,1023.1,7.22,75.26,4.74,898.18,1.93,10.52,4.23,93.9,55.5,0.23,42.3
"40745",2014,12,129.4,2.19,0.35,5.1,11.29,-1.47,908.21,1025.05,5.59,67.6,5.33,810.66,NA,9.17,3.47,88.87,44.97,-3.39,10.5
"40745",2015,1,141.13,2.72,-0.14,4.17,10.31,-1.32,905.53,1022.14,5.66,72.53,4.77,753.14,NA,8.69,3.84,93.94,48.19,-3.77,24.5
"40745",2015,2,159.87,3.79,3.7,7.09,11.92,1.69,902.69,1017.76,7.2,73.54,3.73,931.21,NA,10.64,5.89,91,52.54,0.46,52.8
"40745",2015,3,139.52,3.29,3.13,7.91,13.85,2.04,905.59,1020.71,7.18,70.21,5.47,1416.17,3.34,11.45,4.86,91.9,46.9,-0.39,49.2
"40745",2015,4,149.24,3.47,10.92,17.7,25.64,3.79,902.02,1012.64,7.81,45.81,9.05,2202.9,6.32,21.58,3.03,68.3,24.1,5.87,7.4
"40745",2015,5,149.23,3.39,16.09,23.17,30.59,4.87,901.44,1009.75,8.84,37.26,8.45,2318.16,7.72,29.74,3.5,58.61,20.26,11.19,25.2
"40745",2015,6,141.46,3.58,20.51,28.82,36.28,-0.7,899.18,1005.23,5.38,17.07,11.95,2851.03,13.08,41.33,1,30.53,8.5,14.28,0
"40745",2015,7,146.33,4.72,22.32,29.57,36.09,2.93,899.09,1004.74,7.75,20.51,12.29,2871.26,13.37,42.91,0.64,32.71,11.74,17.34,0
"40745",2015,8,132.93,3.88,19.3,26.8,34.16,0.35,901.25,1008.79,5.97,20.08,12.08,2616.23,10.54,36.81,0.53,32.32,11.35,14.16,0.1
"40745",2015,9,142.38,3.38,14.02,21.36,28.46,0.06,905.66,1015.27,5.99,27.07,10.15,2017.48,7.03,26.51,0.93,41.77,15.27,8.59,0
"40745",2015,10,138.79,2.75,10.96,16.95,24.46,4.13,906.35,1017.48,8.09,48.8,7.47,1431.93,4.14,20.88,3.12,68.9,29.9,5.48,15.6
"40745",2015,11,145.2,2.52,4.24,8.81,15.09,0.76,905.96,1020.74,6.52,63.94,5.71,1173.93,2.08,11.87,3.88,86.57,41.57,0.37,16.3
"40745",2015,12,158.99,2.59,0.37,5.05,10.72,-2.95,908.58,1025.4,4.96,61.15,5.57,864.97,NA,9.31,3.18,82.97,39.42,-4.23,16.5
"40745",2016,1,158.49,2.91,1.74,6.69,13.09,-2.45,904.11,1019.59,5.15,59.67,5.9,874.9,NA,10.48,3.71,79.84,40.39,-2.94,18
"40745",2016,2,148.13,3,1.6,7.78,15.33,-2.93,907,1022.54,4.98,53.88,7.65,1373.07,NA,11.75,3.06,81.28,28.55,-2.33,16.3
"40745",2016,3,145.07,3.3,6.98,11.7,17.99,4.23,901.27,1014.15,8.34,66.48,5.82,1329.1,NA,14.62,4.91,88.97,42.77,3.33,47.9
"40745",2016,4,145.75,3.32,9.88,15,21.18,7.17,902.41,1014.01,10.27,64.29,7.26,1888.23,4.16,18.5,4.41,84.7,44.27,5.8,87.7
"40745",2016,5,152.84,3.57,16.44,22.97,29.84,9.39,900.29,1008.44,11.96,48.75,8.9,2363.77,6.91,29.4,3.38,71.35,29.81,12.35,44.5
"40745",2016,6,144.67,3.91,19.12,26.75,33.73,5.26,900.17,1007,9.21,29.33,10.33,2741.03,10.93,36.58,1.43,47.83,15.73,13.67,4.6
"40745",2016,7,136,3.91,21.72,28.79,35.77,5.99,898.31,1004.05,9.8,27.11,12.1,2765.65,11.41,40.93,1.24,43.9,15.32,16.52,5.5
"40745",2016,8,155.88,3.74,18.3,26.73,33.85,-1.39,900.95,1008.02,5.49,17.4,12.35,2734.86,10.71,36.22,0.12,29.1,8.84,11.58,0
"40745",2016,9,157.91,3.39,17.32,24.33,31.86,5.13,901.27,1009.06,9.31,32.63,10.02,2155.21,8.07,31.69,0.96,49.17,17.97,12.13,3.6
"40745",2016,10,139.72,3.04,7.12,13.9,21.51,-1.71,907.64,1020.6,5.45,38.44,8.52,1520.5,4.28,16.96,1.64,57.32,24,2.8,0
"40745",2016,11,113.79,2.36,1.86,7.52,14.73,-4.29,909.35,1025.27,4.84,50.01,6.48,1051.9,NA,12.02,3.19,70.63,29.57,-2.5,1.5
"40745",2016,12,144.23,2.37,1.13,6.1,12.55,-2.2,906.35,1022.41,5.21,61.97,4.85,828.79,NA,10.22,4.22,82.74,41.1,-1.71,16.6
"40745",2017,1,138.24,2.33,-0.8,3.55,9.32,-3.61,905.08,1022.17,4.72,64.91,4.98,1243.53,NA,8.55,3.79,86.42,40.48,-5.69,17.2
"40745",2017,2,125.76,2.73,-1.97,2.24,7.6,-1.64,906.53,1023.76,5.55,79.64,4.87,1099.63,NA,7.75,4.24,96.29,59.64,-5.9,99.1
"40745",2017,3,143.31,3.34,4.38,9.37,15.53,1.52,903.77,1018.04,7.19,63.24,6.44,1515.27,NA,12.5,3.9,87.58,39.65,2.76,43.5
"40745",2017,4,147.46,3.61,9.7,15.43,21.69,4,905.48,1017.37,8.47,52.19,7.82,2022.6,5.16,18.88,3.87,72.97,34.3,6.17,43.5
"40745",2017,5,142.16,3.42,16.78,24.14,31.47,7.38,900.76,1008.97,10.89,38.3,10.53,2592.28,7.95,31.35,2.4,60.23,20.87,11.9,19.2
"40745",2017,6,133.81,3.89,20.1,27.72,34.86,5.27,899.05,1005.28,9.27,26.5,12.15,2905.04,11.18,38.46,1.07,42.53,15.4,14.9,1.8
"40745",2017,7,151.81,4.4,21.33,29,35.61,2.78,898.71,1005.02,7.86,21.12,11.84,2754.8,11.48,41.58,0.96,35.29,11.68,15.44,0.9
"40745",2017,8,157.37,3.97,18.75,26.55,34.2,0.12,901.07,1008.14,6.76,19.82,12.21,2695.96,10.82,35.99,0.32,32.87,10.65,13.35,4
"40745",2017,9,127.79,3.27,15.37,23.06,30.74,0.58,904.3,1013.06,6.73,25.46,10.57,2167.59,8.33,29.8,0.36,40.13,14.07,9.83,0.1
"40745",2017,10,141.61,2.49,8.96,16.49,24.93,-0.46,903.94,1016.26,6.04,35.5,8.65,1507.34,4.97,20.03,1.39,53.29,19.19,4,0
"40745",2017,11,129.33,2.08,5.36,11.5,18.95,0.39,906.58,1020.42,6.44,51.7,7.49,1145.57,2.83,14.53,2.32,75.63,29.43,0.03,8.4
"40745",2017,12,125.07,2.21,-0.4,5.33,12.89,-4.81,908.2,1024.87,4.53,53.99,5.63,832.21,NA,9.54,2.95,76.87,32.23,-5.45,0.4
"40745",2018,1,133.58,2.57,-1.31,4.3,11.3,-6.39,904.57,1021.17,4.01,50.87,6.03,963.97,NA,8.93,2.94,74.65,30,-5.71,1.4
"40745",2018,2,142.8,2.93,1.83,6.94,13.82,-2.78,903.87,1019.26,5.87,56.79,5.58,1180.82,NA,10.55,4.37,75.79,36.71,-2.46,36.5
"40745",2018,3,150.64,3.45,9.01,13.96,20.54,5.2,901.48,1013.44,9.07,63.7,5.08,1414.23,4.75,17.11,5.13,89.87,39.06,5.61,44.6
"40745",2018,4,150.71,3.62,8.87,14.12,19.91,3.14,904.19,1016.5,8,54.05,6.01,1768.89,4.88,17.28,4.75,75.27,37.73,6.27,33.8
"40745",2018,5,141.81,2.89,13.73,20.74,27.45,3.44,902.54,1011.99,8.44,38.43,8.57,2327.75,8.01,25.76,3.04,59.97,23.26,9.32,57.8
"40745",2018,6,115.33,2.94,19.82,27.11,34.18,3.16,899.32,1005.52,7.89,23.78,11.52,2845.41,11.6,37.19,1.49,37.8,14.27,14.97,2.1
"40745",2018,7,123.3,3.29,23.09,31.12,38.01,2.51,896.3,1001.54,7.87,18.57,12.47,2942.57,14.5,45.14,0.15,29.37,10.8,17.27,0
"40745",2018,8,109.97,2.97,19.81,27.04,34.28,3.28,900.47,1007.2,8.23,23.85,12.1,2653.14,11.39,36.8,0.29,36.35,14.45,15.17,0
"40745",2018,9,109.78,2.3,14.57,22.59,30.34,-1.11,904.41,1013.41,6.03,23.6,10.26,2163.54,8.14,28.66,0.67,37.63,12.96,9.83,0.1
"40745",2018,10,122.7,2.2,8.3,14.51,21.57,1.2,908.16,1020.81,6.94,46.94,7.5,1443.7,4.32,18.04,2.73,66.97,31.68,3.68,40.9
"40745",2018,11,102.71,2.01,4.26,8.48,14.39,2.52,908.84,1024.1,7.37,67.5,4.84,1064,1.85,11.5,4.34,88.48,44.37,1.15,19.9
"40745",2018,12,120.48,2.35,1.92,6.52,13.31,1.5,905.92,1021.63,6.95,75.52,5.35,822.56,NA,10.07,3.48,95.06,52.65,-1.12,0.3
